isomer_ID,Fucosylated,Acidic,Neutral,Basic Core Type,isomer_name,Hex,HexNAc,Fuc,Neu5Ac,isomer_suffix,Neu5Gc,CoreType_1,CoreType_2,has_linkage,has_Neu5Gc
3_1_0_1_0a,1,,1,"Neu5Ac(a2-3)Gal(b1-3)GlcNAc(b1-3)Gal(b1-4)Glc (LST a)",3,1,0,1,"a  ",0,1,,1,
3_1_0_2_0a,,1,,1,"Neu5Ac(a2-3)Gal(b1-3)[Neu5Ac(a2-6)]GlcNAc(b1-3)Gal(b1-4)Glc (DSLNT)",3,1,0,2,"a  ",0,1,,1,
3_1_1_0_0a,1,,1,1,"Fuc(a1-2)Gal(b1-3)GlcNAc(b1-3)Gal(b1-4)Glc (LNFP I)",3,1,1,0,"a  ",0,1,,1,
3_1_1_0_0b,1,,1,1,"Gal(b1-3)[Fuc(a1-4)]GlcNAc(b1-3)Gal(b1-4)Glc (LNFP II)",3,1,1,0,"b  ",0,1,,1,
3_1_1_0_0e,1,,1,1,"Gal(b1-3)GlcNAc(b1-3)Gal(b1-4)[Fuc(a1-3)]Glc (LNFP V)",3,1,1,0,"e  ",0,1,,1,
1_1_0_1_0c,,1,,,Hex+HexNAc+Neu5Ac,1,1,0,1,"c  ",0,,,,
1_1_0_1_0d,,1,,,Hex+HexNAc+Neu5Ac,1,1,0,1,"d  ",0,,,,
1_1_0_1_0e,,1,,,Hex+HexNAc+Neu5Ac,1,1,0,1,"e  ",0,,,,
3_1_1_1_0e,1,1,,1,"Neu5Ac+Gal(b1-3)[Fuc(a1-4)]GlcNAc(b1-3)Gal(b1-4)Glc (S LNFP II)",3,1,1,1,"e  ",0,1,,1,
3_1_1_1_0g,1,1,,1,"Neu5Ac(a2-3)Gal(b1-3)[Fuc(a1-4)]GlcNAc(b1-3)Gal(b1-4)Glc (F-LSTa)",3,1,1,1,"g  ",0,1,,1,
1_1_0_1_0h,,1,,,Hex+HexNAc+Neu5Ac,1,1,0,1,"h  ",0,,,,
1_1_0_1_0i,,1,,,Hex+HexNAc+Neu5Ac,1,1,0,1,"i  ",0,,,,
1_1_0_1_0j,,1,,,Hex+HexNAc+Neu5Ac,1,1,0,1,"j  ",0,,,,
3_1_1_1_0h,1,1,,1,"Fuc(a1-2)Gal(b1-3)[Neu5Ac(a2-6)]GlcNAc(b1-3)Gal(b1-4)Glc (F-LSTb)",3,1,1,1,"h  ",0,1,,1,
1_1_0_2_0b,,1,,,Hex+HexNAc+2Neu5Ac,1,1,0,2,"b  ",0,,,,
1_1_0_2_0c,,1,,,Hex+HexNAc+2Neu5Ac,1,1,0,2,"c  ",0,,,,
3_1_1_2_0a,1,1,,1,"Neu5Ac(a2-3)Gal(b1-3)[Fuc(a1-4)][Neu5Ac(a2-6)]GlcNAc(b1-3)Gal(b1-4)Glc (DS-LNF II or FDS-LNT I)",3,1,1,2,"a  ",0,1,,1,
1_1_1_0_0b,1,,1,,Hex+HexNAc+Fuc,1,1,1,0,"b  ",0,,,,
1_1_1_0_0c,1,,1,,Hex+HexNAc+Fuc,1,1,1,0,"c  ",0,,,,
3_1_1_2_0b,1,1,,1,"Neu5Ac(a2-3)Gal(b1-3)[Neu5Ac(a2-6)]GlcNAc(b1-3)Gal(b1-4)[Fuc(a1-3)]Glc (DS-LNF V or FFDS-LNT II)",3,1,1,2,"b  ",0,1,,1,
3_1_2_0_0a,1,,1,1,"Fuc(a1-2)Gal(b1-3)GlcNAc(b1-3)[Fuc(a1-4)]Gal(b1-4)Glc(LNDFH I)",3,1,2,0,"a  ",0,1,,1,
1_1_1_1_0b,1,1,,,Hex+HexNAc+Fuc+Neu5Ac,1,1,1,1,"b  ",0,,,,
1_1_2_0_0a,1,,1,,Hex+HexNAc+2Fuc,1,1,2,0,"a  ",0,,,,
1_2_0_0_0a,,,1,,Hex+2HexNAc,1,2,0,0,"a  ",0,,,,
1_2_0_0_0b,,,1,,Hex+2HexNAc,1,2,0,0,"b  ",0,,,,
1_2_0_0_0c,,,1,,Hex+2HexNAc,1,2,0,0,"c  ",0,,,,
1_2_0_0_0d,,,1,,Hex+2HexNAc,1,2,0,0,"d  ",0,,,,
3_1_2_0_0b,1,,1,1,"Gal(b1-3)GlcNAc(b1-3)[Fuc(a1-4)]Gal(b1-4)[Fuc(a1-3)]Glc (LNDFH II)",3,1,2,0,"b  ",0,1,,1,
1_2_0_1_0a,,1,,,Hex+2HexNAc+Neu5Ac,1,2,0,1,"a  ",0,,,,
1_2_0_1_0b,,1,,,Hex+2HexNAc+Neu5Ac,1,2,0,1,"b  ",0,,,,
1_2_0_1_0c,,1,,,Hex+2HexNAc+Neu5Ac,1,2,0,1,"c  ",0,,,,
3_1_2_0_0d,1,,1,1,Fuc(a1-2)Gal(b1-3)[Fuc(a1-4)]GlcNAc(b1-3)Gal(b1-4)Glc,3,1,2,0,"d  ",0,1,,1,
3_2_1_0_0h,1,,1,1,Gal(a1-3)[Fuc(a1-2)]Gal(b1-3)GlcNAc(b1-3)Gal(b1-4)Glc,3,2,1,0,"h  ",0,1,,1,
3_2_2_0_0a,1,,1,1,GlcNAc(b1-3)[Fuc(a1-2)]Gal(b1-3)GlcNAc(b1-3)[Fuc(a1-4)]Gal(b1-4)Glc,3,2,2,0,"a  ",0,1,,1,
3_2_2_0_0c,1,,1,1,GalNAc(a1-3)[Fuc(a1-2)]Gal(b1-3)[Fuc(a1-4)]GlcNAc(b1-3)Gal(b1-4)Glc,3,2,2,0,"c  ",0,1,,1,
4_2_0_0_0a,,,1,1,"Gal(b1-3)GlcNAc(b1-3)[Gal(b1-4)GlcNAc(b1-6)]Gal(b1-4)Glc (LNH)",4,2,0,0,"a  ",0,1,,1,
4_2_0_0_0i,,,1,1,"Gal(b1-3)GlcNAc(b1-6)Gal(b1-3)GlcNAc(b1-3)Gal(b1-4)Glc (bovisose)",4,2,0,0,"i  ",0,1,,1,
4_2_0_1_0a,,1,,1,"Neu5Ac(a2-6)Gal(b1-4)GlcNAc(b1-6)[Gal(b1-3)GlcNAc(b1-3)]Gal(b1-4)Glc (S-LNH)",4,2,0,1,"a  ",0,1,,1,
2_0_0_1_0c,,1,,,2Hex+Neu5Ac,2,0,0,1,"c  ",0,,,,
4_2_0_1_0g,,1,,1,"Gal(b1-3)[Neu5Ac(a2-6)]GlcNAc(b1-3)[Gal(b1-4)GlcNAc(b1-6)]Gal(b1-4)Glc (S-LNH II)",4,2,0,1,"g  ",0,1,,1,
2_0_0_1_0e,,1,,,2Hex+Neu5Ac,2,0,0,1,"e  ",0,,,,
4_2_0_2_0g,,1,,1,"Neu5Ac(a2-6)Gal(b1-4)GlcNAc(b1-6)[Neu5Ac(a2-3)Gal(b1-3)GlcNAc(b1-3)]Gal(b1-4)Glc (DS LNH I)",4,2,0,2,"g  ",0,1,,1,
4_2_0_2_0h,,1,,1,"Gal(b1-4)GlcNAc(b1-6)[Neu5Ac(a2-3)Gal(b1-3)[Neu5Ac(2-6)]GlcNAc(b1-3)]Gal(b1-4)Glc (DS LNH II)",4,2,0,2,"h  ",0,1,,1,
4_2_0_3_0a,,1,,1,"Neu5Ac(a2-6)Gal(b1-4)GlcNAc(b1-6)[Neu5Ac(a2-3)Gal(b1-3)[Neu5Ac(a2-6)]GlcNAc(b1-3)]Gal(b1-4)Glc (TS-LNH)",4,2,0,3,"a  ",0,1,,1,
2_0_0_2_0b,,1,,,2Hex+2Neu5Ac,2,0,0,2,"b  ",0,,,,
2_0_0_2_0c,,1,,,2Hex+2Neu5Ac,2,0,0,2,"c  ",0,,,,
2_0_0_2_0d,,1,,,2Hex+2Neu5Ac,2,0,0,2,"d  ",0,,,,
1_1_0_0_1d,,1,,,Hex+HexNAc+Neu5Gc,1,1,0,0,"d  ",1,,,,1
2_0_1_0_0c,1,,1,,2Hex+Fuc,2,0,1,0,"c  ",0,,,,
2_0_1_1_0b,1,1,,,2Hex+Fuc+Neu5Ac,2,0,1,1,"b  ",0,,,,
2_0_2_0_0b,1,,1,,2Hex+2Fuc,2,0,2,0,"b  ",0,,,,
2_0_2_0_0c,1,,1,,2Hex+2Fuc,2,0,2,0,"c  ",0,,,,
2_0_2_0_0d,1,,1,,2Hex+2Fuc,2,0,2,0,"d  ",0,,,,
2_1_0_0_0k,,,1,,2Hex+HexNAc,2,1,0,0,"k  ",0,,,,
2_1_0_0_0l,,,1,,2Hex+HexNAc,2,1,0,0,"l  ",0,,,,
2_1_0_0_0m,,,1,,2Hex+HexNAc,2,1,0,0,"m  ",0,,,,
2_1_0_0_0n,,,1,,2Hex+HexNAc,2,1,0,0,"n  ",0,,,,
2_1_0_0_0o,,,1,,2Hex+HexNAc,2,1,0,0,"o  ",0,,,,
2_1_0_0_0p,,,1,,2Hex+HexNAc,2,1,0,0,"p  ",0,,,,
4_2_1_0_0a,1,,1,1,"Fuc(a1-2)Gal(b1-3)GlcNAc(b1-3)[Gal(b1-4)GlcNAc(b1-6)]Gal(b1-4)Glc (MFLNH I)",4,2,1,0,"a  ",0,1,,1,
4_2_1_0_0b,1,,1,1,"Gal(b1-3)GlcNAc(b1-3)[Gal(b1-4)[Fuc(a1-3)]GlcNAc(b1-6)]Gal(b1-4)Glc (MFLNH III)",4,2,1,0,"b  ",0,1,,1,
4_2_1_0_0c,1,,1,1,"Gal(b1-4)[Fuc(a1-3)]GlcNAc(b1-6)[Gal(b1-3)GlcNAc(b1-3)]Gal(b1-4)Glc (MFLNH II)",4,2,1,0,"c  ",0,1,,1,
4_2_1_0_0l,1,,1,1,Gal(b1-3)[Fuc(a1-4)]GlcNAc(b1-3)[Gal(b1-4)GlcNAc(b1-6)]Gal(b1-4)Glc,4,2,1,0,"l  ",0,1,,1,
4_2_1_1_0c,1,1,,1,"Neu5Ac(a2-3)Gal(b1-3)GlcNAc(b1-3)[Gal(b1-4)[Fuc(a1-3)]GlcNAc(b1-6)]Gal(b1-4)Glc (FS-LNH II)",4,2,1,1,"c  ",0,1,,1,
2_1_0_1_0f,,1,,,2Hex+HexNAc+Neu5Ac,2,1,0,1,"f  ",0,,,,
2_1_0_1_0g,,1,,,2Hex+HexNAc+Neu5Ac,2,1,0,1,"g  ",0,,,,
2_1_0_1_0h,,1,,,2Hex+HexNAc+Neu5Ac,2,1,0,1,"h  ",0,,,,
2_1_0_1_0i,,1,,,2Hex+HexNAc+Neu5Ac,2,1,0,1,"i  ",0,,,,
2_1_0_1_0j,,1,,,2Hex+HexNAc+Neu5Ac,2,1,0,1,"j  ",0,,,,
2_1_0_2_0a,,1,,,2Hex+HexNAc+2Neu5Ac,2,1,0,2,"a  ",0,,,,
4_2_1_1_0i,1,1,,1,"Neu5Ac(a2-6)Gal(b1-4)GlcNAc(b1-6)[Gal(b1-3)[Fuc(a1-4)]GlcNAc(b1-3)]Gal(b1-4)Glc (FS-LNH III)",4,2,1,1,"i  ",0,1,,1,
4_2_1_1_0j,1,1,,1,"Neu5Ac(a2-6)Gal(b1-4)[Fuc(a1-3)]GlcNAc(b1-3)Gal(b1-4)GlcNAc(b1-3)Gal(b1-4)Glc (FS-para LNnH I)",4,2,1,1,"j  ",0,1,,1,
2_1_1_0_0c,1,,1,,2Hex+HexNAc+Fuc,2,1,1,0,"c  ",0,,,,
2_1_1_0_0e,1,,1,,2Hex+HexNAc+Fuc,2,1,1,0,"e  ",0,,,,
2_1_1_0_0f,1,,1,,2Hex+HexNAc+Fuc,2,1,1,0,"f  ",0,,,,
4_2_1_1_0k,1,1,,1,"Gal(b1-3)[Neu5Ac(a2-6)]GlcNAc(b1-3)[Gal(b1-4)[Fuc(a1-3)]GlcNAc(b1-6)]Gal(b1-4)Glc (FS-LNH I)",4,2,1,1,"k  ",0,1,,1,
4_2_1_1_0o,1,1,,1,"Neu5Ac(a2-6)Gal(b1-4)GlcNAc(b1-6)[Fuc(a1-2)Gal(b1-3)GlcNAc(b1-3)]Gal(b1-4)Glc (FS-LNH)",4,2,1,1,"o  ",0,1,,1,
2_1_2_0_0b,1,,1,,2Hex+HexNAc+Fuc,2,1,2,0,"b  ",0,,,,
4_2_1_1_0p,1,1,,1,"Gal(b1-4)GlcNAc(b1-6)[Neu5Ac(a2-3)Gal(b1-3)[Fuc(a1-4)]GlcNAc(b1-3)]Gal(b1-4)Glc (FS-LNH IV)",4,2,1,1,"p  ",0,1,,1,
2_2_0_0_0c,,,1,,2Hex+2HexNAc,2,2,0,0,"c  ",0,,,,
2_2_0_0_0d,,,1,,2Hex+2HexNAc,2,2,0,0,"d  ",0,,,,
2_2_0_0_0e,,,1,,2Hex+2HexNAc,2,2,0,0,"e  ",0,,,,
2_2_0_0_0f,,,1,,2Hex+2HexNAc,2,2,0,0,"f  ",0,,,,
2_2_0_1_0a,,1,,,2Hex+2HexNAc+Neu5Ac,2,2,0,1,"a  ",0,,,,
2_2_0_1_0b,,1,,,2Hex+2HexNAc+Neu5Ac,2,2,0,1,"b  ",0,,,,
2_2_0_1_0c,,1,,,2Hex+2HexNAc+Neu5Ac,2,2,0,1,"c  ",0,,,,
2_2_1_0_0a,1,,1,,2Hex+2HexNAc+Fuc,2,2,1,0,"a  ",0,,,,
2_2_1_0_0b,1,,1,,2Hex+2HexNAc+Fuc,2,2,1,0,"b  ",0,,,,
2_2_1_1_0a,1,1,,,2Hex+2HexNAc+Fuc+Neu5Ac,2,2,1,1,"a  ",0,,,,
2_3_1_1_0a,1,1,,,2Hex+3HexNAc+Fuc+Neu5Ac,2,3,1,1,"a  ",0,,,,
2_4_0_0_0a,,,1,,2Hex+4HexNAc,2,4,0,0,"a  ",0,,,,
4_2_1_2_0c,1,1,,1,"Fuc(a1-2)Gal(b1-4)GlcNAc(b1-6)[Neu5Ac(a2-3)Gal(b1-3)[Neu5Ac(a2-6)]GlcNAc(b1-3)]Gal(b1-4)Glc (FDS-LNH I)",4,2,1,2,"c  ",0,1,,1,
4_2_1_2_0d,1,1,,1,"Gal(b1-4)[Fuc(a1-3)]GlcNAc(b1-6)[Neu5Ac(a2-3)Gal(b1-3)[Neu5Ac(a2-6)]GlcNAc(b1-3)]Gal(b1-4)Glc (FDS-LNH II)",4,2,1,2,"d  ",0,1,,1,
4_2_1_2_0e,1,1,,1,"Neu5Ac(a2-6)Gal(b1-4)GlcNAc(a1-6)[Neu5Ac(a2-3)Gal(b1-3)[Fuc(a1-4)]GlcNAc(b1-3)]Gal(b1-4)Glc (FDS-LNH III)",4,2,1,2,"e  ",0,1,,1,
4_2_2_0_0b,1,,1,1,"Gal(b1-3)[Fuc(a1-4)]GlcNAc(b1-3)[Gal(b1-3)GlcNAc(b1-6)[Fuc(a1-3)]]Gal(b1-4)Glc (DFLNH II)",4,2,2,0,"b  ",0,1,,1,
4_2_2_0_0e,1,,1,1,"Fuc(a1-2)Gal(b1-3)[Fuc(a1-4)]GlcNAc(b1-3)[Gal(b1-4)GlcNAc(b1-6)]Gal(b1-4)Glc (DFLNHc)",4,2,2,0,"e  ",0,1,,1,
3_0_0_0_0f,,,1,,3Hex,3,0,0,0,"f  ",0,,,,
3_0_0_0_0g,,,1,,3Hex,3,0,0,0,"g  ",0,,,,
3_0_0_0_0h,,,1,,3Hex,3,0,0,0,"h  ",0,,,,
3_0_0_0_0i,,,1,,3Hex,3,0,0,0,"i  ",0,,,,
3_0_0_0_0j,,,1,,3Hex,3,0,0,0,"j  ",0,,,,
3_0_0_0_0k,,,1,,3Hex,3,0,0,0,"k  ",0,,,,
3_0_0_0_0l,,,1,,3Hex,3,0,0,0,"l  ",0,,,,
4_2_2_0_0f,1,,1,1,"Fuc(a1-3)Gal(b1-4)GlcNAc(b1-6)Fuc(a1-2)Gal(b1-3)GlcNAc(b1-3)Gal(b1-4)Glc (DFLNHa or 2,3-DF-LNH)",4,2,2,0,"f  ",0,1,,1,
4_2_2_0_0j,1,,1,1,"Fuc(a1-2)Gal(b1-3)GlcNAc(b1-3)[Gal(b1-4)[Fuc(a1-3)]GlcNAc(b1-6)]Gal(b1-4)Glc (DFLNH I)",4,2,2,0,"j  ",0,1,,1,
4_2_2_1_0e,1,1,,1,"Neu5Ac(a2-6)Gal(b1-4)GlcNAc(b1-6)[Fuc(a1-2)Gal(b1-3)[Fuca1-4)]GlcNAc(b1-3)]Gal(b1-4)Glc (DFS-LNH I)",4,2,2,1,"e  ",0,1,,1,
4_2_2_1_0l,1,1,,1,"Gal(b1-4)[Fuc(a1-3)]GlcNAc(b1-6)[Neu5Ac(a2-3)Gal(b1-3)[Fuc(a1-4)]GlcNAc(b1-3)]Gal(b1-4)Glc (DFS-LNH II)",4,2,2,1,"l  ",0,1,,1,
1_1_0_0_1e,,1,,,Hex+HexNAc+Neu5Gc,1,1,0,0,"e  ",1,,,,1
3_0_0_1_0g,,1,,,3Hex+Neu5Ac,3,0,0,1,"g  ",0,,,,
3_0_0_1_0h,,1,,,3Hex+Neu5Ac,3,0,0,1,"h  ",0,,,,
3_0_0_1_0i,,1,,,3Hex+Neu5Ac,3,0,0,1,"i  ",0,,,,
3_0_0_2_0b,,1,,,3Hex+2Neu5Ac,3,0,0,2,"b  ",0,,,,
3_0_0_2_0e,,1,,,3Hex+2Neu5Ac,3,0,0,2,"e  ",0,,,,
3_0_1_0_0e,1,,1,,3Hex+Fuc,3,0,1,0,"e  ",0,,,,
3_0_1_0_0f,1,,1,,3Hex+Fuc,3,0,1,0,"f  ",0,,,,
3_0_1_1_0a,1,,1,,3Hex+Fuc+Neu5Ac,3,0,1,1,"a  ",0,,,,
3_0_2_0_0c,1,,1,,3Hex+2Fuc,3,0,2,0,"c  ",0,,,,
3_0_2_0_0d,1,,1,,3Hex+2Fuc,3,0,2,0,"d  ",0,,,,
3_0_2_1_0a,1,1,,,3Hex+2Fuc+Neu5Ac,3,0,2,1,"a  ",0,,,,
4_2_2_1_0m,1,1,,1,"Neu5Ac(a2-3)Gal(b1-4)[Fuc(a1-3)]GlcNAc(b1-6)[Gal(b1-3)[Fuc(a1-4)]GlcNAc(b1-3)]Gal(b1-4)Glc (DFS-LNH III)",4,2,2,1,"m  ",0,1,,1,
4_2_2_1_0n,1,1,,1,"Neu5Ac(a2-3)Gal(b1-4)[Fuc(a1-3)]GlcNAc(b1-6)[Fuc(a1-2)Gal(b1-3)GlcNAc(b1-3)]Gal(b1-4)Glc (DFS-LNH IV)",4,2,2,1,"n  ",0,1,,1,
4_2_3_0_0a,1,,1,1,"Fuc(a1-2)Gal(b1-3)[Fuc(a1-4)]GlcNAc(b1-3)[Gal(b1-4)[Fuc(a1-3)]GlcNAc(b1-6)]Gal(b1-4)Glc (TFLNH I)",4,2,3,0,"a  ",0,1,,1,
4_2_3_0_0c,1,,1,1,"Fuc(a1-2)Gal(b1-4)[Fuc(a1-3)]GlcNAc(b1-6)[Gal(b1-3)[Fuc(a1-4)GlcNAc(b1-3)]Gal(b1-4)Glc (TFLNH II)",4,2,3,0,"c  ",0,1,,1,
5_2_0_0_0f,,,1,1,"Glc(a1-3)Gal(b1-3)GlcNAc(b1-6)Gal(b1-3)GlcNAc(b1-3)Gal(b1-4)Glc (vakose)",5,2,0,0,"f  ",0,1,,1,
3_1_0_0_0f,,,1,,3Hex+HexNAc,3,1,0,0,"f  ",0,,,,
3_1_0_0_0g,,,1,,3Hex+HexNAc,3,1,0,0,"g  ",0,,,,
3_1_0_0_0h,,,1,,3Hex+HexNAc,3,1,0,0,"h  ",0,,,,
3_1_0_0_0i,,,1,,3Hex+HexNAc,3,1,0,0,"i  ",0,,,,
3_1_0_0_0j,,,1,,3Hex+HexNAc,3,1,0,0,"j  ",0,,,,
5_3_0_0_0c,,,1,1,"Gal(b1-4)GlcNAc(b1-3)Gal(b1-4)GlcNAc(b1-6)[Gal(b1-3)GlcNAc(b1-3)]Gal(b1-4)Glc (LNO)",5,3,0,0,"c  ",0,1,,1,
5_3_0_0_0h,,,1,1,Gal(b1-4)GlcNAc(b1-6)Gal(b1-4)GlcNAc(b1-6)[Gal(b1-3)GlcNAc(b1-3)]Gal(b1-4)Glc,5,3,0,0,"h  ",0,1,,1,
3_1_0_0_0m,,,1,,3Hex+HexNAc,3,1,0,0,"m  ",0,,,,
3_1_0_0_0n,,,1,,3Hex+HexNAc,3,1,0,0,"n  ",0,,,,
3_1_0_0_0o,,,1,,3Hex+HexNAc,3,1,0,0,"o  ",0,,,,
3_1_0_0_0p,,,1,,3Hex+HexNAc,3,1,0,0,"p  ",0,,,,
3_1_0_0_0q,,,1,,3Hex+HexNAc,3,1,0,0,"q  ",0,,,,
3_1_0_0_0r,,,1,,3Hex+HexNAc,3,1,0,0,"r  ",0,,,,
3_1_0_0_0s,,,1,,3Hex+HexNAc,3,1,0,0,"s  ",0,,,,
3_1_0_0_0t,,,1,,3Hex+HexNAc,3,1,0,0,"t  ",0,,,,
3_1_0_0_0u,,,1,,3Hex+HexNAc,3,1,0,0,"u  ",0,,,,
3_1_0_0_0v,,,1,,3Hex+HexNAc,3,1,0,0,"v  ",0,,,,
3_1_0_0_0w,,,1,,3Hex+HexNAc,3,1,0,0,"w  ",0,,,,
3_1_0_0_0x,,,1,,3Hex+HexNAc,3,1,0,0,"x  ",0,,,,
5_3_0_1_0a,,1,,1,"Neu5Ac(a2-6)Gal(b1-4)GlcNAc(b1-3)Gal(b1-4)GlcNc(b1-6)[Gal(b1-3)GlcNAc(b1-3)]Gal(b1-4)Glc (S-LNO)",5,3,0,1,"a  ",0,1,,1,
5_3_1_0_0b,1,,1,1,"Gal(b1-4)GlcNAc(b1-3)Gal(b1-4)GlcNAc(b1-6)[Fuc(a1-2)Gal(b1-3)GlcNAc(b1-3)]Gal(b1-4)Glc (FLNO III)",5,3,1,0,"b  ",0,1,,1,
5_3_1_0_0c,1,,1,1,"Gal(b1-4)GlcNAc(b1-3)Gal(b1-4)GlcNAc(b1-6)[Gal(b1-3)[Fuc(a1-4)]GlcNAc(b1-3)]Gal(b1-4)Glc (FLNO II)",5,3,1,0,"c  ",0,1,,1,
5_3_1_0_0d,1,,1,1,"Gal(b1-4)GlcNAc(b1-3)Gal(b1-4)[Fuc(a1-3)]GlcNAc(b1-6)[Gal(b1-3)GlcNAc(b1-3)]Gal(b1-4)Glc (FLNO I)",5,3,1,0,"d  ",0,1,,1,
5_3_1_0_0f,1,,1,1,"Fuc(a1-2)Gal(b1-3)GlcNAc(b1-3)Gal(b1-4)GlcNAc(b1-6)[Gal(b1-4)GlcNAc(b1-3)]Gal(b1-4)Glc (FLNnO II)",5,3,1,0,"f  ",0,1,,1,
5_3_1_0_0g,1,,1,1,"Gal(b1-3)GlcNAc(b1-3)Gal(b1-4)[uc(a1-3)]GlcNAc(b1-6)[Gal(b1-3)GlcNAc(b1-3)]Gal(b1-4)Glc (F-iso-LNO)",5,3,1,0,"g  ",0,1,,1,
5_3_1_1_0a,1,1,,1,"Neu5Ac(a2-3)Gal(b1-3)[Fuc(a1-4)]GlcNAc(b1-3)[Gal(b1-4)GlcNAc(b1-3)Gal(b1-4)GlcNAc(b1-6)]Gal(b1-4)Glc (FS-LNO I)",5,3,1,1,"a  ",0,1,,1,
3_1_0_1_0f,,1,,,3Hex+HexNAc+Neu5Ac,3,1,0,1,"f  ",0,,,,
3_1_0_1_0g,,1,,,3Hex+HexNAc+Neu5Ac,3,1,0,1,"g  ",0,,,,
3_1_0_1_0h,,1,,,3Hex+HexNAc+Neu5Ac,3,1,0,1,"h  ",0,,,,
3_1_0_1_0i,,1,,,3Hex+HexNAc+Neu5Ac,3,1,0,1,"i  ",0,,,,
3_1_0_1_0j,,1,,,3Hex+HexNAc+Neu5Ac,3,1,0,1,"j  ",0,,,,
3_1_0_1_0k,,1,,,3Hex+HexNAc+Neu5Ac,3,1,0,1,"k  ",0,,,,
5_3_1_1_0b,1,1,,1,"Neu5Ac(a2-6)Gal(b1-4)GlcNAc(b1-3)Gal(b1-4)GlcNAc(b1-6)[Fuc(a1-2)Gal(b1-3)GlcNAc(b1-3)]Gal(b1-4)Glc (FS-LNO II)",5,3,1,1,"b  ",0,1,,1,
5_3_1_1_0c,1,1,,1,"Gal(b1-3)GlcNAc(b1-3)Gal(b1-4)GlcNAc(b1-6)[Neu5aC(a2-3)Gal(b1-3)[Fuc(a1-4)]GlcNAc(b1-3)]Gal(b1-4)Glc (FS-iso LNO)",5,3,1,1,"c  ",0,1,,1,
3_1_0_2_0b,,1,,,3Hex+HexNAc+2Neu5Ac,3,1,0,2,"b  ",0,,,,
5_3_1_1_0d,1,1,,1,Gal(b1-4)GlcNAc(b1-6)Gal(b1-4)GlcNAc(b1-6)[Neu5Ac(a2-3)Gal(b1-3)[Fuc(a1-4)]GlcNac(b1-3)Gal(b1-4)Glc,5,3,1,1,"d  ",0,1,,1,
5_3_2_0_0a,1,,1,1,"Fuc(a1-2)Gal(b1-3)GlcNAc(b1-3)Gal(b1-4)GlcNAc(b1-6)[Gal(b1-4)[Fuc(a1-3)]GlcNAc(b1-3)]Gal(b1-4)Glc (DFLNnO III)",5,3,2,0,"a  ",0,1,,1,
5_3_2_0_0b,1,,1,1,"Fuc(a1-2)Gal(b1-3)GlcNAc(b1-3)Gal(b1-4)[Fuc(a1-3)]GlcNAc(b1-6)[Gal(b1-3)GlcNAc(b1-3)]Gal(b1-4)Glc (DF-iso LNO VII)",5,3,2,0,"b  ",0,1,,1,
5_3_2_0_0d,1,,1,1,"Gal(b1-4)[Fuc(a1-3)]GlcNAc(b1-3)Gal(b1-4)[Fuc(a1-3)]GlcNAc(b1-6)[Gal(b1-3)GlcNAc(b1-3)]Gal(b1-4)Glc (DFLNO I)",5,3,2,0,"d  ",0,1,,1,
5_3_2_0_0m,1,,1,1,"Gal(b1-4)GlcNAc(b1-3)Gal(b1-4)[Fuc(a1-3)]GlcNAc(b1-6)[Gal(b1-3)[Fuc(a1-4)]GlcNAc(b1-3)]Gal(b1-4)Glc (DF-LNO II)",5,3,2,0,"m  ",0,1,,1,
5_3_2_0_0o,1,,1,1,"Gal(b1-3)[Fuc(a1-4)]GlcNAc(b1-3)Gal(b1-4)[Fuc(a1-3)]GlcNAc(b1-6)[Gal(b1-3)GlcNAc(b1-3)]Gal(b1-4)Glc (DF-iso LNO I)",5,3,2,0,"o  ",0,1,,1,
3_1_1_0_0h,1,,1,,3Hex+HexNAc+Fuc,3,1,1,0,"h  ",0,,,,
3_1_1_0_0i,1,,1,,3Hex+HexNAc+Fuc,3,1,1,0,"i  ",0,,,,
3_1_1_0_0j,1,,1,,3Hex+HexNAc+Fuc,3,1,1,0,"j  ",0,,,,
3_1_1_0_0k,1,,1,,3Hex+HexNAc+Fuc,3,1,1,0,"k  ",0,,,,
5_3_2_0_0p,1,,1,1,"Gal(b1-3)GlcNAc(b1-3)Gal(b1-4)[Fuc(a1-3)]GlcNac(b1-6)[Fuc(a1-2)Gal(b1-3)GlcNAc(b1-3)]Gal(b1-4)Glc (DF-iso LNO II)",5,3,2,0,"p  ",0,1,,1,
5_3_2_0_0r,1,,1,1,"Gal(b1-4)[Fuc(a1-3)]GlcNAc(b1-3)Gal(b1-4)GlcNAc(b1-6)[Fuc(a1-2)Gal(b1-3)GlcNAc(b1-3)]Gal(b1-4)Glc (DFLNO III)",5,3,2,0,"r  ",0,1,,1,
3_1_1_0_0n,1,,1,,3Hex+HexNAc+Fuc,3,1,1,0,"n  ",0,,,,
3_1_1_0_0o,1,,1,,3Hex+HexNAc+Fuc,3,1,1,0,"o  ",0,,,,
3_1_1_0_0p,1,,1,,3Hex+HexNAc+Fuc,3,1,1,0,"p  ",0,,,,
3_1_1_0_0q,1,,1,,3Hex+HexNAc+Fuc,3,1,1,0,"q  ",0,,,,
5_3_2_0_0s,1,,1,1,"Gal(b1-3)GlcNAc(b1-3)Gal(b1-4)[Fuc(a1-3)]GlcNAc(b1-6)[Gal(b1-3)[Fuc(a1-4)]GlcNAc(b1-3)]Gal(b1-4)Glc (DF-iso LNO III)",5,3,2,0,"s  ",0,1,,1,
1_1_0_0_1f,,1,,,Hex+HexNAc+Neu5Gc,1,1,0,0,"f  ",1,,,,1
3_1_1_1_0f,1,1,,,3Hex+HexNAc+Fuc+Neu5Ac,3,1,1,1,"f  ",0,,,,
3_1_1_1_0j,1,1,,,3Hex+HexNAc+Fuc+Neu5Ac,3,1,1,1,"j  ",0,,,,
3_1_1_1_0k,1,1,,,3Hex+HexNAc+Fuc+Neu5Ac,3,1,1,1,"k  ",0,,,,
5_3_2_0_0t,1,,1,1,"Gal(b1-3)GlcNAc(b1-3)Gal(b1-4)GlcNAc(b1-6)[Fuc(a1-2)Gal(b1-3)[Fuc(a1-4)]GlcNAc(b1-3)]Gal(b1-4)Glc (DF-iso LNO IV)",5,3,2,0,"t  ",0,1,,1,
5_3_2_0_0u,1,,1,1,"Fuc(a1-2)Gal(b1-3)GlcNAc(b1-3)Gal(b1-4)GlcNAc(b1-6)[Fuc(a1-2)Gal(b1-3)GlcNAc(b1-3)]Gal(b1-4)Glc (DF-iso LNO V)",5,3,2,0,"u  ",0,1,,1,
3_1_2_0_0h,1,,1,,3Hex+HexNAc+2Fuc,3,1,2,0,"h  ",0,,,,
3_1_2_0_0i,1,,1,,3Hex+HexNAc+2Fuc,3,1,2,0,"i  ",0,,,,
5_3_2_0_0v,1,,1,1,"Fuc(a1-2)Gal(b1-3)[Fuc(a1-4)]GlcNAc(b1-3)Gal(b1-4)GlcNaC(b1-6)[Gal(b1-3)GlcNAc(b1-3)]Gal(b1-4)Glc (DF-iso LNO VI)",5,3,2,0,"v  ",0,1,,1,
3_1_3_0_0c,1,,1,,3Hex+HexNAc+3Fuc,3,1,3,0,"c  ",0,,,,
5_3_2_1_0a,1,1,,1,"Neu5Ac(a2-6)Gal(b1-4)GlcNAc(b1-3)Gal(b1-4)GlcNAc(b1-6)[Fuc(a1-2)Gal(b1-3)[Fuc(a1-4)]GlcNAc(b1-3)]Gal(b1-4)Glc (DFS-LNO III)",5,3,2,1,"a  ",0,1,,1,
5_3_2_1_0b,1,1,,1,"Neu5Ac(a2-6)Gal(b1-4)GlcNAc(b1-3)Gal(b1-4)[Fuc(a1-3)]GlcNAc(b1-6)[Fuc(a1-2)Gal(b1-3)GlcNAc(b1-3)]Gal(b1-4)Glc (DFS-LNO II)",5,3,2,1,"b  ",0,1,,1,
3_2_0_0_0f,,,1,,3Hex+2HexNAc,3,2,0,0,"f  ",0,,,,
3_2_0_0_0g,,,1,,3Hex+2HexNAc,3,2,0,0,"g  ",0,,,,
3_2_0_0_0h,,,1,,3Hex+2HexNAc,3,2,0,0,"h  ",0,,,,
3_2_0_0_0i,,,1,,3Hex+2HexNAc,3,2,0,0,"i  ",0,,,,
3_2_0_0_0j,,,1,,3Hex+2HexNAc,3,2,0,0,"j  ",0,,,,
3_2_0_0_0k,,,1,,3Hex+2HexNAc,3,2,0,0,"k  ",0,,,,
5_3_2_1_0d,1,1,,1,"Gal(b1-4)[Fuc(a1-3)]GlcNAc(b1-3)Gal(b1-4)GlcNAc(b1-6)[Neu5Ac(a2-3)Gal(b1-3)[Fuc(a1-4)]GlcNAc(b1-3)]Gal(b1-4)Glc (DFS-LNO I)",5,3,2,1,"d  ",0,1,,1,
5_3_2_1_0e,1,1,,1,"Gal(b1-3)GlcNAc(b1-3)Gal(b1-4)[Fuc(a1-3)]GlcNAc(b1-6)[Neu5Ac(a2-3)Gal(b1-3)[Fuc(a1-4)]GlcNAc(b1-3)]Gal(b1-4)Glc (DFS-iso LNO I)",5,3,2,1,"e  ",0,1,,1,
3_2_0_1_0b,,1,,,3Hex+2HexNAc+Neu5Ac,3,2,0,1,"b  ",0,,,,
3_2_0_1_0c,,1,,,3Hex+2HexNAc+Neu5Ac,3,2,0,1,"c  ",0,,,,
5_3_2_1_0f,1,1,,1,"Gal(b1-3)[Fuc(a1-4)]GlcNAc(b1-3)Gal(b1-4)GlcNAc(b1-6)[Neu5Ac(a2-3)Gal(b1-3)[Fuc(a1-4)]GlcNAc(b1-3)]Gal(b1-4)Glc (DFS-iso LNO II)",5,3,2,1,"f  ",0,1,,1,
5_3_3_0_0a,1,,1,1,"Fuc(a1-2)Gal(b1-3)GlcNAc(b1-3)Gal(b1-4)GlcNAc(b1-6)[Fuc(a1-2)Gal(b1-3)[Fuc(a1-4)]GlcNAc(b1-3)]Gal(b1-4)Glc (TF-iso LNO I)",5,3,3,0,"a  ",0,1,,1,
5_3_3_0_0b,1,,1,1,"Fuc(a1-2)Gal(b1-3)GlcNAc(b1-3)Gal(b1-4)[Fuc(a1-3)]GlcNAc(b1-6)[Fuc(a1-2)Gal(b1-3)GlcNAc(b1-3)]Gal(b1-4)Glc (Tetra-iso-LNO)",5,3,3,0,"b  ",0,1,,1,
3_2_1_0_0e,1,,1,,3Hex+2HexNAc+Fuc,3,2,1,0,"e  ",0,,,,
3_2_1_0_0f,1,,1,,3Hex+2HexNAc+Fuc,3,2,1,0,"f  ",0,,,,
3_2_1_0_0g,1,,1,,3Hex+2HexNAc+Fuc,3,2,1,0,"g  ",0,,,,
5_3_3_0_0c,1,,1,1,"Gal(b1-4)[Fuc(a1-3)]GlcNAc(b1-3)Gal(b1-4)[Fuc(a1-3)]GlcNAc(b1-6)[Gal(b1-3)[Fuc(a1-4)]GlcNAc(b1-3)]Gal(b1-4)Glc (TFLNO I)",5,3,3,0,"c  ",0,1,,1,
5_3_3_0_0g,1,,1,1,"Gal(b1-4)GlcNAc(b1-3)Gal(b1-4)[Fuc(a1-3)]GlcNAc(b1-6)[Fuc(a1-2)Gal(b1-3)[Fuc(a1-4)]GlcNaC(b1-3)]Gal(b1-4)Glc (TFLNO II)",5,3,3,0,"g  ",0,1,,1,
3_2_2_0_0b,1,,1,,3Hex+2HexNAc+2Fuc,3,2,2,0,"b  ",0,,,,
5_3_3_0_0h,1,,1,1,"Gal(b1-3)[Fuc(a1-4)]GlcNAC(b1-3)Gal(b1-4)[Fuc(a1-3)]GlcNAc(b1-6)[Gal(b1-3)[Fuc(a1-4)]GlcNAc(b1-3)]Gal(b1-4)Glc (TF-iso LNO II)",5,3,3,0,"h  ",0,1,,1,
5_3_3_0_0i,1,,1,1,"Gal(b1-3)GlcNAc(b1-3)Gal(b1-4)[Fuc(a1-3)]GlcNAc(b1-6)[Fuc(a1-2)Gal(b1-3)[Fuc(a1-4)]GlcNAc(b1-3)]Gal(b1-4)Glc (TF-iso LNO III)",5,3,3,0,"i  ",0,1,,1,
5_3_3_0_0j,1,,1,1,"Fuc(a1-2)Gal(b1-3)GlcNAc(b1-3)Gal(b1-4)GlcNAc(b1-6)[Fuc(a1-2)Gal(b1-3)[Fuc(a1-4)]GlcNAc(b1-3)]Gal(b1-4)Glc (TF-iso LNO IV)",5,3,3,0,"j  ",0,1,,1,
3_3_0_0_0c,,,1,,3Hex+3HexNAc,3,3,0,0,"c  ",0,,,,
3_3_0_0_0d,,,1,,3Hex+3HexNAc,3,3,0,0,"d  ",0,,,,
3_3_0_1_0a,,1,,,3Hex+3HexNAc+Neu5Ac,3,3,0,1,"a  ",0,,,,
5_3_3_1_0a,1,1,,1,"Neu5Ac(a2-6)Gal(b1-4)GlcNAc(b1-3)Gal(b1-4)[Fuc(a1-3)]GlcNAc(b1-6)[Fuc(a1-2)Gal(b1-3)[Fuc(a1-4)]GlcNAc(b1-3)]Gal(b1-4)Glc (TFS-LNO)",5,3,3,1,"a  ",0,1,,1,
3_3_1_0_0b,1,,1,,3Hex+3HexNAc+Fuc,3,3,1,0,"b  ",0,,,,
3_3_2_0_0a,1,,1,,3Hex+3HexNAc+2Fuc,3,3,2,0,"a  ",0,,,,
3_4_1_0_0a,1,,1,,3Hex+4HexNAc+Fuc,3,4,1,0,"a  ",0,,,,
3_5_0_0_0a,,,1,,3Hex+5HexNAc,3,5,0,0,"a  ",0,,,,
3_6_0_0_0a,,,1,,3Hex+6HexNAc,3,6,0,0,"a  ",0,,,,
3_6_1_0_0a,1,,1,,3Hex+6HexNAc+Fuc,3,6,1,0,"a  ",0,,,,
5_3_3_1_0b,1,1,,1,"Fuc(a1-32)Gal(b1-3)GlcNAc(b1-3)Gal(b1-4)[Fuc(a1-3)]GlcNAc(b1-6)[Neu5Ac(a2-3)Gal(b1-3)[Fuc(a1-4)]GlcNAc(b1-3)]Gal(b1-4)Glc (TFS-iso LNO)",5,3,3,1,"b  ",0,1,,1,
5_3_4_0_0a,1,,1,1,"Fuc(a1-2)Gal(b1-3)GlcNAc(b1-3)Gal(b1-4)[Fuc(a1-3)]GlcNAc(b1-6)[Fuc(a1-2)Gal(b1-3)[Fuc(a1-4)]GlcNAc(b1-3)]Gal(b1-4)Glc (TetraF-iso LNO)",5,3,4,0,"a  ",0,1,,1,
4_0_0_0_0c,,,1,,4Hex,4,0,0,0,"c  ",0,,,,
4_0_0_0_0d,,,1,,4Hex,4,0,0,0,"d  ",0,,,,
4_0_0_0_0e,,,1,,4Hex,4,0,0,0,"e  ",0,,,,
4_0_0_0_0f,,,1,,4Hex,4,0,0,0,"f  ",0,,,,
5_3_5_0_0a,1,,1,1,"Fuc(a1-2)Gal(b1-3)[Fuc(a1-4)]GlcNAc(b1-3)Gal(b1-4)[Fuc(a1-3)]GlcNAc(b1-6)[Fuc(a1-2)Gal(b1-3)[Fuc(a1-4)]GlcNAc(b1-3)]Gal(b1-4)Glc (PentaF-iso LNO)",5,3,5,0,"a  ",0,1,,1,
4_0_0_0_0h,,,1,,4Hex,4,0,0,0,"h  ",0,,,,
4_0_0_0_0i,,,1,,4Hex,4,0,0,0,"i  ",0,,,,
4_0_0_0_0j,,,1,,4Hex,4,0,0,0,"j  ",0,,,,
4_0_0_0_0k,,,1,,4Hex,4,0,0,0,"k  ",0,,,,
4_0_0_0_0l,,,1,,4Hex,4,0,0,0,"l  ",0,,,,
4_0_0_1_0b,,1,,,4Hex+Neu5Ac,4,0,0,1,"b  ",0,,,,
4_0_0_2_0a,,1,,,4Hex+2Neu5Ac,4,0,0,2,"a  ",0,,,,
4_0_1_0_0a,1,,1,,4Hex+Fuc,4,0,1,0,"a  ",0,,,,
4_0_2_0_0a,1,,1,,4Hex+2Fuc,4,0,2,0,"a  ",0,,,,
4_1_0_0_0g,,,1,,4Hex+HexNAc,4,1,0,0,"g  ",0,,,,
4_1_0_0_0h,,,1,,4Hex+HexNAc,4,1,0,0,"h  ",0,,,,
4_1_0_0_0i,,,1,,4Hex+HexNAc,4,1,0,0,"i  ",0,,,,
4_1_0_0_0k,,,1,,4Hex+HexNAc,4,1,0,0,"k  ",0,,,,
4_1_0_0_0l,,,1,,4Hex+HexNAc,4,1,0,0,"l  ",0,,,,
4_1_0_0_0m,,,1,,4Hex+HexNAc,4,1,0,0,"m  ",0,,,,
5_3_1_0_0m,1,,1,,5Hex+3HexNAc+1Fuc,5,3,1,0,"m  ",0,,,,
6_2_0_1_0a,,1,,1,Neu5Ac-Gal(b1-4)GlcNAc(b1-6)+Gal(b1-3)[Gal(b1-4)GlcNAc(b1-6)]Gal(b1-3)[Gal(b1-4)GlcNAc(b1-6)]Gal(b1-4)Glc,6,2,0,1,"a  ",0,1,,1,
4_1_0_1_0g,,1,,,4Hex+HexNAc+Neu5Ac,4,1,0,1,"g  ",0,,,,
4_1_0_1_0h,,1,,,4Hex+HexNAc+Neu5Ac,4,1,0,1,"h  ",0,,,,
4_1_0_1_0i,,1,,,4Hex+HexNAc+Neu5Ac,4,1,0,1,"i  ",0,,,,
6_4_0_0_0b,,,1,1,"Gal(b1-4)GlcNAc(b1-6)[Gal(b1-3)GlcNAc(b1-3)]Gal(b1-4)GlcNAc(b1-6)[Gal(b1-3)GlcNAc(b1-3)]Gal(b1-4)Glc (LND)",6,4,0,0,"b  ",0,1,,1,
6_4_0_0_0c,,,1,1,"Gal(b1-4)GlcNAc(b1-6)[Gal(b1-4)GlcNAc(b1-3)]Gal(b1-4)GlcNAc(b1-6)[Gal(b1-3)GlcNAc(b1-3)]Gal(b1-4)Glc (LNnD)",6,4,0,0,"c  ",0,1,,1,
4_1_0_2_0b,,1,,,4Hex+HexNAc+2Neu5Ac,4,1,0,2,"b  ",0,,,,
6_4_0_1_0a,,1,,1,"Neu5Ac(a2-6)Gal(b1-4)GlcNAc(b1-6)[Gal(b1-4)GlcNAc(b1-3)]Gal(b1-4)GlcNAc(b1-6)[Gal(b1-3)GlcNAc(b1-3)]Gal(b1-4)Glc (SLNnD)",6,4,0,1,"a  ",0,1,,1,
6_4_1_0_0d,1,,1,1,"Gal(b1-4)[Fuc(a1-3)]GlcNAc(b1-6)[Gal(b1-3)GlcNAc(b1-3)]Gal(b1-4)GlcNAc(b1-6)[Gal(b1-3)GlcNAc(b1-3)]Gal(b1-4)Glc (FLND I)",6,4,1,0,"d  ",0,1,,1,
6_4_1_0_0e,1,,1,1,"Gal(b1-4)[Fuc(a1-3)]GlcNAc(b1-6)[Gal(b1-4)GlcNAc(b1-3)]Gal(b1-4)GlcNAc(b1-6)[Gal(b1-3)GlcNAc(b1-3)]Gal(b1-4)Glc (FLNnD I)",6,4,1,0,"e  ",0,1,,1,
6_4_1_0_0g,1,,1,1,"Gal(b1-4)GlcNAc(b1-6)[Gal(b1-4)GlcNAc(b1-3)]Gal(b1-4)GlcNAc(b1-6)[Fuc(a1-2)Gal(b1-3)GlcNAc(b1-3)]Gal(b1-4)Glc (FLNnD II)",6,4,1,0,"g  ",0,1,,1,
6_4_1_0_0h,1,,1,1,"Gal(b1-4)GlcNAc(b1-6)[Gal(b1-3)GlcNAc(b1-3)]Gal(b1-4)GlcNAc(b1-6)[Gal(b1-3)[Fuc(a1-4)]GlcNAc(b1-3)]Gal(b1-4)Glc (FLND II)",6,4,1,0,"h  ",0,1,,1,
4_1_1_0_0f,1,,1,,Gal-[Fuc-]HexNAc-Gal-Gal-Glc,4,1,1,0,"f  ",0,,,,
4_1_1_0_0g,1,,1,,4Hex+HexNAc+Fuc,4,1,1,0,"g  ",0,,,,
6_4_2_0_0e,1,,1,1,"Gal(b1-4)[Fuc(a1-3)]GlcNAc(b1-6)[Gal(b1-3)GlcNAc(b1-3)]Gal(b1-4)GlcNAc(b1-6)[Fuc(a1-2)Gal(b1-3)GlcNAc(b1-3)]Gal(b1-4)Glc (DFLND I)",6,4,2,0,"e  ",0,1,,1,
4_1_1_0_0i,1,,1,,4Hex+HexNAc+Fuc,4,1,1,0,"i  ",0,,,,
4_1_1_0_0j,1,,1,,4Hex+HexNAc+Fuc,4,1,1,0,"j  ",0,,,,
4_1_1_0_0k,1,,1,,4Hex+HexNAc+Fuc,4,1,1,0,"k  ",0,,,,
6_4_2_0_0f,1,,1,1,"Gal(b1-4)[Fuc(a1-3)]GlcNAc(b1-6)[Gal(b1-4)GlcNAc(b1-3)]Gal(b1-4)GlcNAc(b1-6)[Fuc(a1-2)Gal(b1-3)GlcNAc(b1-3)]Gal(b1-4)Glc (DFLNnD)",6,4,2,0,"f  ",0,1,,1,
6_4_2_0_0g,1,,1,1,"Gal(b1-4)GlcNAc(b1-6)[Gal(b1-3)[Fuc(a1-4)]GlcNAc(b1-3)]Gal(b1-4)GlcNAc(b1-6)[Gal(b1-3)[Fuc(a1-4)]GlcNAc(b1-3)]Gal(b1-4)Glc (DFLND II)",6,4,2,0,"g  ",0,1,,1,
4_1_1_1_0c,1,1,,,4Hex+HexNAc+Fuc+Neu5Ac,4,1,1,1,"c  ",0,,,,
4_1_1_1_0d,1,1,,,4Hex+HexNAc+Fuc+Neu5Ac,4,1,1,1,"d  ",0,,,,
6_4_2_0_0h,1,,1,1,"Gal(b1-4)[Fuc(a1-3)]GlcNAc(b1-6)[Gal(b1-3)GlcNAc(b1-3)]Gal(b1-4)GlcNAc(b1-6)[Gal(b1-3)[Fuc(a1-4)]GlcNAc(b1-3)]Gal(b1-4)Glc (DFLND III)",6,4,2,0,"h  ",0,1,,1,
6_4_2_0_0i,1,,1,1,"Gal(b1-4)[Fuc(a1-3)]GlcNAc(b1-6)[Gal(b1-3)[Fuc(a1-4)]GlcNAc(b1-3)]Gal(b1-4)GlcNAc(b1-6)[Gal(b1-3)GlcNAc(b1-3)]Gal(b1-4)Glc (DFLND IV)",6,4,2,0,"i  ",0,1,,1,
4_1_2_0_0c,1,,1,,4Hex+HexNAc+2Fuc,4,1,2,0,"c  ",0,,,,
4_1_2_0_0d,1,,1,,4Hex+HexNAc+2Fuc,4,1,2,0,"d  ",0,,,,
4_1_3_0_0a,1,,1,,4Hex+HexNAc+3Fuc,4,1,3,0,"a  ",0,,,,
4_1_3_0_0b,1,,1,,4Hex+HexNAc+3Fuc,4,1,3,0,"b  ",0,,,,
6_4_2_0_0j,1,,1,1,"Gal(b1-4)[Fuc(a1-3)]GlcNAc(b1-6)[Fuc(a1-2)Gal(b1-3)GlcNAc(b1-3)]Gal(b1-4)GlcNAc(b1-6)[Gal(b1-3)GlcNAc(b1-3)]Gal(b1-4)Glc (DFLND V)",6,4,2,0,"j  ",0,1,,1,
6_4_2_0_0k,1,,1,1,Gal(b1-4)GlcNAc(b1-6)[Fuc(a1-2)Gal(b1-3)[Fuc(a1-4)]GlcNAc(b1-3)]Gal(b1-4)GlcNAc(b1-6)[Gal(b1-3)GlcNAc(b1-3)]Gal(b1-4)Glc,6,4,2,0,"k  ",0,1,,1,
6_4_2_0_0m,1,,1,1,"Gal(b1-4)GlcNAc(b1-6)[Gal(b1-3)[Fuc(a1-4)]GlcNAc(b1-3)]Gal(b1-4)GlcNAc(b1-6)[Fuc(a1-2)Gal(b1-3)GlcNAc(b1-3)]Gal(b1-4)Glc (DFLND VI)",6,4,2,0,"m  ",0,1,,1,
6_4_2_0_0n,1,,1,1,Gal(b1-4)GlcNAc(b1-6)[Gal(b1-3)GlcNAc(b1-3)]Gal(b1-4)GlNAc(b1-6)[Fuc(a1-2)Gal(b1-3)[Fuc(a1-4)]GlcNAc(b1-3)]Gal(b1-4)Glc,6,4,2,0,"n  ",0,1,,1,
6_4_3_0_0a,1,,1,1,"Fuc(a1-2)Gal(b1-4)[Fuc(a1-3)]GlcNAc(b1-6)[Gal(b1-3)GlcNAc(b1-3)]Gal(b1-4)GlcNAc(b1-6)[Fuc(a1-2)Gal(b1-3)GlcNAc(b1-3)]Gal(b1-4)Glc (TriF-LND VII)",6,4,3,0,"a  ",0,1,,1,
4_2_0_0_0g,,,1,,4Hex+2HexNAc,4,2,0,0,"g  ",0,,,,
4_2_0_0_0h,,,1,,4Hex+2HexNAc,4,2,0,0,"h  ",0,,,,
6_4_3_0_0c,1,,1,1,"Gal(b1-3)[Fuc(a1-4)]GlcNAc(b1-3)[Gal(b1-4)GlcNAc(b1-6)]Gal(b1-4)[Fuc(a1-3)]GlcNAc(b1-6)[Gal(b1-3)[Fuc(a1-4)]GlcNAc(b1-3)]Gal(b1-4)Glc (TriF-LND VI)",6,4,3,0,"c  ",0,1,,1,
4_2_0_0_0j,,,1,,4Hex+2HexNAc,4,2,0,0,"j  ",0,,,,
4_2_0_0_0k,,,1,,4Hex+2HexNAc,4,2,0,0,"k  ",0,,,,
4_2_0_0_0l,,,1,,4Hex+2HexNAc,4,2,0,0,"l  ",0,,,,
4_2_0_0_0m,,,1,,4Hex+2HexNAc,4,2,0,0,"m  ",0,,,,
4_2_0_0_0n,,,1,,4Hex+2HexNAc,4,2,0,0,"n  ",0,,,,
4_2_0_0_0o,,,1,,4Hex+2HexNAc,4,2,0,0,"o  ",0,,,,
4_2_0_0_0p,,,1,,4Hex+2HexNAc,4,2,0,0,"p  ",0,,,,
4_2_0_0_0q,,,1,,4Hex+2HexNAc,4,2,0,0,"q  ",0,,,,
4_2_0_0_0r,,,1,,4Hex+2HexNAc,4,2,0,0,"r  ",0,,,,
4_2_0_0_0s,,,1,,4Hex+2HexNAc,4,2,0,0,"s  ",0,,,,
4_2_0_0_0t,,,1,,4Hex+2HexNAc,4,2,0,0,"t  ",0,,,,
4_2_0_0_0u,,,1,,4Hex+2HexNAc,4,2,0,0,"u  ",0,,,,
4_2_0_0_0v,,,1,,4Hex+2HexNAc,4,2,0,0,"v  ",0,,,,
6_4_3_0_0e,1,,1,1,"Gal(b1-4)[Fuc(a1-3)]GlcNAc(b1-6)[Fuc(a1-2)Gal(b1-3)GlcNAc(b1-3)]Gal(b1-4)GlcNAc(b1-6)[Gal(b1-3)[Fuc(a1-4)]GlcNAc(b1-3)]Gal(b1-4)Glc (TriF-LND I)",6,4,3,0,"e  ",0,1,,1,
6_4_3_0_0f,1,,1,1,"Gal(b1-4)[Fuc(a1-3)]GlcNAc(b1-6)[Fuc(a1-2)Gal(b1-3)GlcNAc(b1-3)]Gal(b1-4)GlcNAc(b1-6)[Fuc(a1-2)Gal(b1-3)GlcNAc(b1-3)]Gal(b1-4)Glc (TriF-LND II)",6,4,3,0,"f  ",0,1,,1,
4_2_0_1_0n,,1,,,4Hex+2HexNAc+Neu5Ac,4,2,0,1,"n  ",0,,,,
4_2_0_1_0o,,1,,,4Hex+2HexNAc+Neu5Ac,4,2,0,1,"o  ",0,,,,
4_2_0_1_0p,,1,,,4Hex+2HexNAc+Neu5Ac,4,2,0,1,"p  ",0,,,,
4_2_0_1_0q,,1,,,4Hex+2HexNAc+Neu5Ac,4,2,0,1,"q  ",0,,,,
4_2_0_1_0r,,1,,,4Hex+2HexNAc+Neu5Ac,4,2,0,1,"r  ",0,,,,
4_2_0_1_0s,,1,,,4Hex+2HexNAc+Neu5Ac,4,2,0,1,"s  ",0,,,,
4_2_0_1_0t,,1,,,4Hex+2HexNAc+Neu5Ac,4,2,0,1,"t  ",0,,,,
4_2_0_1_0u,,1,,,4Hex+2HexNAc+Neu5Ac,4,2,0,1,"u  ",0,,,,
5_3_1_0_0n,1,,1,,5Hex+3HexNAc+1Fuc,5,3,1,0,"n  ",0,,,,
6_4_3_0_0g,1,,1,1,"Gal(b1-4)[Fuc(a1-3)]GlcNAc(b1-6)[Gal(b1-3)[Fuc(a1-4)]GlcNAc(b1-3)]Gal(b1-4)GlcNAc(b1-6)[Gal(b1-3)[Fuc(a1-4)]GlcNAc(b1-3)]Gal(b1-4)Glc (TriF-LND III)",6,4,3,0,"g  ",0,1,,1,
6_4_3_0_0i,1,,1,1,Gal(b1-4)GlcNAc(b1-6)[Fuc(a1-2)Gal(b1-3)[Fuc(a1-4)]GlcNAc(b1-3)]Gal(b1-4)GlcNAc(b1-6)[Fuc(a1-2)Gal(b1-3)GlcNAc(b1-3)]Gal(b1-4)Glc,6,4,3,0,"i  ",0,1,,1,
6_4_3_0_0j,1,,1,1,Gal(b1-4)[Fuc(a1-3)]GlcNAc(b1-6)[Fuc(a1-2)Gal(b1-4)[Fuc(a1-3)]GlcNAc(b1-3)]Gal(b1-4)GlcNAc(b1-6)[Gal(b1-3)GlcNAc(b1-3)]Gal(b1-4)Glc,6,4,3,0,"j  ",0,1,,1,
6_4_3_0_0k,1,,1,1,Gal(b1-4)[Fuc(a1-3)]GlcNAc(b1-6)[Fuc(a1-2)Gal(b1-3)[Fuc(a1-4)]GlcNAc(b1-3)]Gal(b1-4)GlcNAc(b1-6)[Gal(b1-3)GlcNAc(b1-3)]Gal(b1-4)Glc,6,4,3,0,"k  ",0,1,,1,
6_4_3_0_0m,1,,1,1,"Gal(b1-4)GlcNAc(b1-6)[Gal(b1-3)GlcNAc(b1-3)]Gal(b1-4)[Fuc(a1-3)]GlcNAc(b1-6)[Fuc(a1-2)Gal(b1-3)[Fuc(a1-4)]GlcNAc(b1-3)]Gal(b1-4)Glc (TriF-LND V)",6,4,3,0,"m  ",0,1,,1,
4_2_0_2_0i,,1,,,4Hex+2HexNAc+2Neu5Ac,4,2,0,2,"i  ",0,,,,
6_4_4_0_0b,1,,1,1,"Gal(b1-4)[Fuc(a1-3)]GlcNAc(b1-6)[Fuc(a1-2)Gal(b1-3)GlcNAc(b1-3)]Gal(b1-4)GlcNAc(b1-6)[Fuc(a1-2)Gal(b1-3)[Fuc(a1-4)]GlcNAc(b1-3)]Gal(b1-4)Glc (TetraF-LND I)",6,4,4,0,"b  ",0,1,,1,
6_4_4_0_0c,1,,1,1,"Gal(b1-4)[Fuc(a1-3)]GlcNAc(b1-6)[Gal(b1-3)[Fuc(a1-4)]GlcNAc(b1-3)]Gal(b1-4)GlcNAc(b1-6)[Fuc(a1-2)Gal(b1-3)[Fuc(a1-4)]GlcNAc(b1-3)]Gal(b1-4)Glc (TetraF-LND II)",6,4,4,0,"c  ",0,1,,1,
6_4_4_0_0d,1,,1,1,"Gal(b1-4)[Fuc(a1-3)]GlcNAc(b1-6)[Fuc(a1-2)Gal(b1-3)[Fuc(a1-4)]GlcNAc(b1-3)]Gal(b1-4)GlcNAc(b1-6)[Fuc(a1-2)Gal(b1-3)GlcNAc(b1-3)]Gal(b1-4)Glc (TetraF-LND III)",6,4,4,0,"d  ",0,1,,1,
6_4_4_0_0e,1,,1,1,Gal(b1-4)GlcNAc(b1-6)[Fuc(a1-2)Gal(b1-3)[Fuc(a1-4)]GlcNAc(b1-3)]Gal(b1-4)GlcNAc(b1-6)[Fuc(a1-2)Gal(b1-3)[Fuc(a1-4)]GlcNAc(b1-3)]Gal(b1-4)Glc,6,4,4,0,"e  ",0,1,,1,
4_1_0_0_0b,,,1,2,"Gal(a1-3)Gal(b1-4)GlcNAc(b1-3)Gal(b1-4)Glc (Galili pentasaccharide)",4,1,0,0,"b  ",0,,1,1,
4_2_0_1_0h,,1,,2,Neu5Ac(a2-6)Gal(b1-4)GlcNAc(b1-3)Gal(b1-4)GlcNAc(b1-3)Gal(b1-4)Glc,4,2,0,1,"h  ",0,,1,1,
4_2_0_1_0j,,1,,2,Gal(b1-4)GlcNAc(b1-3)[Gal(b1-4)[Neu5Ac(a2-6)]GlcNAc(b1-6)]Gal(b1-4)Glc,4,2,0,1,"j  ",0,,1,1,
4_2_0_1_0k,,1,,2,Gal(b1-4)GlcNAc(b1-3)[Gal(b1-4)GlcNAc(b1-6)][Neu5Ac(a2-?)]Gal(b1-4)Glc,4,2,0,1,"k  ",0,,1,1,
4_2_0_1_0l,,1,,2,"Neu5Ac(a2-3) + Gal(b1-4)GlcNAc(b1-6)[Gal(b1-4)GlcNAc(b1-3)]Gal(b1-4)Glc (3-SLNnH)",4,2,0,1,"l  ",0,,1,1,
4_2_0_1_0m,,1,,2,"Neu5Ac(a2-6) + Gal(b1-4)GlcNAc(b1-6)[Gal(b1-4)GlcNAc(b1-3)]Gal(b1-4)Glc (6-SLNnH)",4,2,0,1,"m  ",0,,1,1,
4_2_0_2_0a,,1,,2,"Neu5Ac(a2-6)Gal(b1-4)GlcNAc(b1-3)[Neu5Ac(a2-6)Gal(b1-4)GlcNAc(b1-6)]Gal(b1-4)Glc (DS LNnH I)",4,2,0,2,"a  ",0,,1,1,
4_2_0_2_0b,,1,,2,2Neu5Ac+Gal(b1-4)GlcNAc(b1-6)[Gal(b1-4)GlcNAc(b1-3)]Gal(b1-4)Glc,4,2,0,2,"b  ",0,,1,1,
4_2_0_2_0c,,1,,2,2Neu5Ac+Gal(b1-4)GlcNAc(b1-6)[Gal(b1-4)GlcNAc(b1-3)]Gal(b1-4)Glc,4,2,0,2,"c  ",0,,1,1,
4_2_1_0_0o,1,,1,,4Hex+2HexNAc+Fuc,4,2,1,0,"o  ",0,,,,
4_2_1_0_0d,1,,1,2,"Gal(b1-4)GlcNAc(b1-3)[Gal(b1-4)[Fuc(a1-3)]GlcNAc(b1-6)]Gal(b1-4)Glc (FLNnH a)",4,2,1,0,"d  ",0,,1,1,
4_2_1_0_0r,1,,1,,4Hex+2HexNAc+Fuc,4,2,1,0,"r  ",0,,,,
4_2_1_0_0s,1,,1,,4Hex+2HexNAc+Fuc,4,2,1,0,"s  ",0,,,,
4_2_1_0_0t,1,,1,,4Hex+2HexNAc+Fuc,4,2,1,0,"t  ",0,,,,
4_2_1_0_0u,1,,1,,4Hex+2HexNAc+Fuc,4,2,1,0,"u  ",0,,,,
4_2_1_0_0v,1,,1,,4Hex+2HexNAc+Fuc,4,2,1,0,"v  ",0,,,,
4_2_1_0_0e,1,,1,2,"Fuc(a1-2)Gal(b1-4)GlcNAc(b1-3)[Gal(b1-4)GlcNAc(b1-6)]Gal(b1-4)Glc (MFLNnH a)",4,2,1,0,"e  ",0,,1,1,
4_2_1_0_0f,1,,1,2,"Gal(b1-4)GlcNAc(b1-3)[Fuc(a1-2)Gal(b1-4)GlcNAc(b1-6)]Gal(b1-4)Glc  (MFLNnH b)",4,2,1,0,"f  ",0,,1,1,
4_2_1_0_0g,1,,1,2,"Gal(b1-3)[Fuc(a1-4)]GlcNAc(b1-3)Gal(b1-4)GlcNAc(b1-3)Gal(b1-4)Glc (MF para LNH II)",4,2,1,0,"g  ",0,,1,1,
4_2_1_0_0h,1,,1,2,"Fuc(a1-2)Gal(b1-3)GlcNAc(b1-3)Gal(b1-4)GlcNAc(b1-3)Gal(b1-4)Glc (MF para LNH I)",4,2,1,0,"h  ",0,,1,1,
4_2_1_0_0j,1,,1,2,"Gal(b1-3)GlcNAc(b1-3)Gal(b1-4)GlcNAc(b1-3)[Fuc(a1-3)]Gal(b1-4)Glc (MFpLNH V)",4,2,1,0,"j  ",0,,1,1,
4_2_1_0_0k,1,,1,2,"Gal(b1-3)GlcNAc(b1-3)Gal(b1-4)[Fuc(a1-3)]GlcNAc(b1-3)Gal(b1-4)Glc  (MFpLNH IV)",4,2,1,0,"k  ",0,,1,1,
4_2_1_0_0n,1,,1,2,Fuc+Gal(b1-4)GlcNAc(b1-6)[Gal(b1-4)GlcNAc(b1-3)]Gal(b1-4)Glc,4,2,1,0,"n  ",0,,1,1,
4_2_1_0_0q,1,,1,2,"Gal(b1-4)GlcNAc(b1-3)Gal(b1-4)[Fuc(a1-3)]GlcNAc(b1-3)Gal(b1-4)Glc (F-para LNnH)",4,2,1,0,"q  ",0,,1,1,
4_2_1_1_0n,1,1,,,4Hex+2HexNAc+Fuc+Neu5Ac,4,2,1,1,"n  ",0,,,,
4_2_1_1_0d,1,1,,2,Neu5Ac(a2-6)Gal(b1-4)GlcNAc(b1-3)[Fuc(a1-2)Gal(b1-4)GlcNAc(b1-6)]Gal(b1-4)Glc,4,2,1,1,"d  ",0,,1,1,
4_2_2_1_0b,1,1,,2,Fuc(a1-2)Gal(b1-4)GlcNAc(b1-3)[Fuc(a1-2)Gal(b1-4)[Neu5Ac(a2-6)]GlcNAc(b1-6)]Gal(b1-4)Glc,4,2,2,1,"b  ",0,,1,1,
4_2_2_1_0d,1,1,,2,Neu5Ac(a2-3)Gal(b1-4)[Fuc(a1-3)]GlcNAc(b1-3)Gal(b1-4)[Fuc(a1-3)]GlcNAc(b1-3)Gal(b1-4)Glc,4,2,2,1,"d  ",0,,1,1,
4_2_1_1_0r,1,1,,,4Hex+2HexNAc+Fuc+Neu5Ac,4,2,1,1,"r  ",0,,,,
4_2_2_1_0k,1,1,,2,"Neu5Ac(a2-6)Gal(b1-4)GlcNAc(b1-3)[Fuc(a1-2)Gal(b1-4)[Fuc(a1-3)]GlcNAc(b1-6)]Gal(b1-4)Glc (DFS-LNnH)",4,2,2,1,"k  ",0,,1,1,
4_2_2_1_0p,1,1,,2,"Neu5Ac(a2-6) + Fuc(a1-2)Gal(b1-4)GlcNAc(b1-6)[Fuc(a1-2)Gal(b1-4)GlcNAc(b1-3)]Gal(b1-4)Glc",4,2,2,1,"p  ",0,,1,1,
4_2_2_1_0q,1,1,,2,"Gal(b1-4)[Fuc(a1-3)]GlcNAc(b1-6)[Neu4,5Ac(a2-3)Gal(b1-4)[Fuc(a1-3)]GlcNAc(b1-3)]Gal(b1-4)Glc",4,2,2,1,"q  ",0,,1,1,
4_2_2_1_0r,1,1,,2,"Neu4,5Ac(a2,3)Gal(b1-4)[Fuc(a1-3)]GlcNAc(b1-6)[Gal(b1-4)[Fuc(a1-3)]GlcNAc(b1-3)]Gal(b1-4)Glc",4,2,2,1,"r  ",0,,1,1,
4_2_1_1_0w,1,1,,,4Hex+2HexNAc+Fuc+Neu5Ac,4,2,1,1,"w  ",0,,,,
4_2_1_1_0x,1,1,,,4Hex+2HexNAc+Fuc+Neu5Ac,4,2,1,1,"x  ",0,,,,
4_2_2_1_0s,1,1,,2,"Fuc(a1-2)Gal(b1-4)[Fuc(a1-3)]GlcNAc(b1-6)[Neu4,5Ac(a2-3)Gal(b1-4)GlcNAc(b1-3)]Gal(b1-4)Glc",4,2,2,1,"s  ",0,,1,1,
4_2_2_1_0t,1,1,,2,"Fuc(a1-2)Gal(b1-4)[Fuc(a1-3)]GlcNAc(b1-6)[Neu4,5Ac(a2-6)Gal(b1-4)GlcNAc(b1-3)]Gal(b1-4)Glc",4,2,2,1,"t  ",0,,1,1,
4_2_2_1_0u,1,1,,2,"Neu4,5Ac(a2-6)Gal(b1-4)GlcNAc(b1-6)[Fuc(a1-2)Gal(b1-4)[Fuc(a1-3)]GlcNAc(b1-3)]Gal(b1-4)Glc",4,2,2,1,"u  ",0,,1,1,
4_2_2_1_0v,1,1,,2,"Neu4,5Ac(a2-3)Gal(b1-4)GlcNAc(b1-6)[Fuc(a1-2)Gal(b1-4)[Fuc(a1-3)]GlcNAc(b1-3)]Gal(b1-4)Glc",4,2,2,1,"v  ",0,,1,1,
4_2_3_0_0b,1,,1,2,Fuc(a1-2)Gal(b1-4)[Fuc(a1-3)]GlcNAc(b1-6)[Gal(b1-4)[Fuc(a1-3)]GlcNAc(b1-3)]Gal(b1-4)Glc,4,2,3,0,"b  ",0,,1,1,
5_3_1_0_0o,1,,1,,5Hex+3HexNAc+1Fuc,5,3,1,0,"o  ",0,,,,
4_2_3_0_0d,1,,1,2,Fuc(a1-2)Gal(b1-4)[Fuc(a1-3)]GlcNAc(b1-3)[Gal(b1-4)[Fuc(a1-3)]GlcNAc(b1-6)]Gal(b1-4)Glc,4,2,3,0,"d  ",0,,1,1,
5_3_0_0_0e,,,1,2,"Gal(b1-3)GlcNAc(b1-3)Gal(b1-4)GlcNAc(b1-6)[Gal(b1-3)GlcNAc(b1-3)]Gal(b1-4)Glc (iso LNO)",5,3,0,0,"e  ",0,,1,1,
5_3_0_0_0f,,,1,2,"Gal(b1-3)GlcNAc(b1-3)Gal(b1-4)GlcNAc(b1-3)Gal(b1-4)GlcNAc(b1-3)Gal(b1-4)Glc (para LNO)",5,3,0,0,"f  ",0,,1,1,
4_2_2_0_0i,1,,1,,4Hex+2HexNAc+2Fuc,4,2,2,0,"i  ",0,,,,
5_3_0_0_0g,,,1,2,"Gal(b1-4)GlcNAc(b1-3)Gal(b1-4)GlcNAc(b1-3)Gal(b1-4)GlcNAc(b1-3)Gal(b1-4)Glc (para LNnO)",5,3,0,0,"g  ",0,,1,1,
5_3_0_0_0i,,,1,2,"Gal(b1-4)GlcNAc(b1-6)[Gal(b1-4)GlcNAc(b1-3)]Gal(b1-4)GlcNAc(b1-3)Gal(b1-4)Glc (nova-LNnO)",5,3,0,0,"i  ",0,,1,1,
5_3_1_0_0e,1,,1,2,Fuc+Gal(b1-4)GlcNAc(b-13)Gal(b1-4)GlcNAc(b1-3)[Gal(b1-4)GlcNAc(b1-6)]Gal(1-4)Glc,5,3,1,0,"e  ",0,,1,1,
5_3_1_0_0h,1,,1,2,"Gal(b1-4)GlcNAc(b1-3)Gal(b-14)[Fuc(a1-3)]GlcNAc(b1-6)[Gal(b1-4)GlcNAc(b1-3)]Gal(b1-4)Glc (F-iso-LNnO I)",5,3,1,0,"h  ",0,,1,1,
4_2_2_0_0n,1,,1,,4Hex+2HexNAc+2Fuc,4,2,2,0,"n  ",0,,,,
4_2_2_0_0o,1,,1,,4Hex+2HexNAc+2Fuc,4,2,2,0,"o  ",0,,,,
4_2_2_0_0p,1,,1,,4Hex+2HexNAc+2Fuc,4,2,2,0,"p  ",0,,,,
4_2_2_0_0q,1,,1,,4Hex+2HexNAc+2Fuc,4,2,2,0,"q  ",0,,,,
5_3_1_0_0i,1,,1,2,"Gal(b1-4)GlcNAc(b1-6)[Gal(b1-4)[Fuc(a1-3)]GlcNAc(b1-3)]Gal(b1-4)GlcNAc(b1-3)Gal(b1-4)Glc (F-nova-LLNnO)",5,3,1,0,"i  ",0,,1,1,
5_3_1_0_0j,1,,1,2,"Gal(b1-3)GlcNAc(b1-3)Gal(b1-4)[Fuc(a1-3)]GlcNAc(b1-3)Gal(b1-4)GlcNAc(b1-3)Gal(b1-4)Glc (F-para-LNO)",5,3,1,0,"j  ",0,,1,1,
8_6_3_1_0a,1,1,,2,3Fuc(a1-2)+Neu5Ac(a2-3)+Gal(b1-4)GlcNAc(b1-3)[Gal(b1-4)GlcNAc(b1-3)[Gal(b1-4)GlcNAc(b1-3)[Gal(b1-4)GlcNAc(b1-6)]Gal(b1-4)GlcNAc(b1-6)]Gal(b1-4)GlcNAc(b1-6)]Gal(b1-4)Glc,8,6,3,1,"a  ",0,,1,1,
8_6_3_1_0b,1,1,,2,3Fuc(a1-2)+Neu5Ac(a2-6)+Gal(b1-4)GlcNAc(b1-3)[Gal(b1-4)GlcNAc(b1-3)[Gal(b1-4)GlcNAc(b1-3)[Gal(b1-4)GlcNAc(b1-6)]Gal(b1-4)GlcNAc(b1-6)]Gal(b1-4)GlcNAc(b1-6)]Gal(b1-4)Glc,8,6,3,1,"b  ",0,,1,1,
8_6_4_0_0a,1,,1,2,4Fuc+Gal(b1-4)GlcNAc(b1-3)[Gal(b1-4)GlcNAc(b1-6)]Gal(b1-4)GlcNAc(b1-3)[Gal(b1-4)GlcNAc(b1-3)[Gal(b1-4)GlcNAc(b1-6)]Gal(b1-4)GlcNAc(b1-6)]Gal(b1-4)Glc,8,6,4,0,"a  ",0,,1,1,
10_8_0_0_0a,,,1,2,Gal(b1-4)GlcNAc(b1-3)[Gal(b1-4)GlcNAc(b1-6)]Gal(b1-4)GlcNAc(b1-3)[Gal(b1-4)GlcNAc(b1-6)]Gal(b1-4)GlcNAc(b1-3)[Gal(b1-4)GlcNAc(b1-3)[Gal(b1-4)GlcNAc(b1-6)]Gal(b1-4)GlcNAc(b1-6)]Gal(b1-4)Glc,10,8,0,0,"a  ",0,,1,1,
10_8_1_0_0a,1,,1,2,Fuc+Gal(b1-4)GlcNAc(b1-3)[Gal(b1-4)GlcNAc(b1-6)]Gal(b1-4)GlcNAc(b1-3)[Gal(b1-4)GlcNAc(b1-6)]Gal(b1-4)GlcNAc(b1-3)[Gal(b1-4)GlcNAc(b1-3)[Gal(b1-4)GlcNAc(b1-6)]Gal(b1-4)GlcNAc(b1-6)]Gal(b1-4)Glc,10,8,1,0,"a  ",0,,1,1,
10_8_2_0_0a,1,,1,2,2Fuc+Gal(b1-4)GlcNAc(b1-3)[Gal(b1-4)GlcNAc(b1-6)]Gal(b1-4)GlcNAc(b1-3)[Gal(b1-4)GlcNAc(b1-6)]Gal(b1-4)GlcNAc(b1-3)[Gal(b1-4)GlcNAc(b1-3)[Gal(b1-4)GlcNAc(b1-6)]Gal(b1-4)GlcNAc(b1-6)]Gal(b1-4)Glc,10,8,2,0,"a  ",0,,1,1,
4_2_2_1_0o,1,1,,,4Hex+2HexNAc+2Fuc+1Neu5Ac,4,2,2,1,"o  ",0,,,,
10_8_3_0_0a,1,,1,2,3Fuc+Gal(b1-4)GlcNAc(b1-3)[Gal(b1-4)GlcNAc(b1-6)]Gal(b1-4)GlcNAc(b1-3)[Gal(b1-4)GlcNAc(b1-6)]Gal(b1-4)GlcNAc(b1-3)[Gal(b1-4)GlcNAc(b1-3)[Gal(b1-4)GlcNAc(b1-6)]Gal(b1-4)GlcNAc(b1-6)]Gal(b1-4)Glc,10,8,3,0,"a  ",0,,1,1,
10_8_4_0_0a,1,,1,2,4Fuc+Gal(b1-4)GlcNAc(b1-3)[Gal(b1-4)GlcNAc(b1-6)]Gal(b1-4)GlcNAc(b1-3)[Gal(b1-4)GlcNAc(b1-6)]Gal(b1-4)GlcNAc(b1-3)[Gal(b1-4)GlcNAc(b1-3)[Gal(b1-4)GlcNAc(b1-6)]Gal(b1-4)GlcNAc(b1-6)]Gal(b1-4)Glc,10,8,4,0,"a  ",0,,1,1,
1_1_0_1_1a,,1,,,Hex+HexNAc+Neu5Ac+Neu5Gc,1,1,0,1,"a  ",1,,,,1
2_0_0_0_1d,,1,,,2Hex+Neu5Gc,2,0,0,0,"d  ",1,,,,1
2_0_0_0_1e,,1,,,2Hex+Neu5Gc,2,0,0,0,"e  ",1,,,,1
2_0_0_0_1f,,1,,,2Hex+Neu5Gc,2,0,0,0,"f  ",1,,,,1
2_0_0_0_1g,,1,,,2Hex+Neu5Gc,2,0,0,0,"g  ",1,,,,1
4_2_2_1_0w,1,1,,,4Hex+2HexNAc+2Fuc+1Neu5Ac,4,2,2,1,"w  ",0,,,,
2_0_0_0_1h,,1,,,2Hex+Neu5Gc,2,0,0,0,"h  ",1,,,,1
2_0_0_0_2c,,1,,,2Hex+2Neu5Gc,2,0,0,0,"c  ",2,,,,1
2_0_0_0_2d,,1,,,2Hex+2Neu5Gc,2,0,0,0,"d  ",2,,,,1
2_0_0_0_2e,,1,,,2Hex+2Neu5Gc,2,0,0,0,"e  ",2,,,,1
4_2_3_0_0e,1,,1,,4Hex+2HexNAc+3Fuc,4,2,3,0,"e  ",0,,,,
2_0_0_0_2f,,1,,,2Hex+2Neu5Gc,2,0,0,0,"f  ",2,,,,1
2_0_0_1_1c,,1,,,2Hex+Neu5Ac+Neu5Gc,2,0,0,1,"c  ",1,,,,1
2_0_0_1_1e,,1,,,2Hex+Neu5Ac+Neu5Gc,2,0,0,1,"e  ",1,,,,1
4_2_3_0_0i,1,,1,,4Hex+2HexNAc+3Fuc,4,2,3,0,"i  ",0,,,,
2_0_0_1_1f,,1,,,2Hex+Neu5Ac+Neu5Gc,2,0,0,1,"f  ",1,,,,1
2_0_0_1_1g,,1,,,2Hex+Neu5Ac+Neu5Gc,2,0,0,1,"g  ",1,,,,1
2_0_0_1_1h,,1,,,2Hex+Neu5Ac+Neu5Gc,2,0,0,1,"h  ",1,,,,1
4_2_4_0_0b,1,,1,,4Hex+2HexNAc+4Fuc,4,2,4,0,"b  ",0,,,,
4_3_0_0_0a,,,1,,4Hex+3HexNAc,4,3,0,0,"a  ",0,,,,
4_3_0_1_0a,,1,,,4Hex+3HexNAc+Neu5Ac,4,3,0,1,"a  ",0,,,,
4_3_1_0_0b,1,,1,,4Hex+3HexNAc+Fuc,4,3,1,0,"b  ",0,,,,
4_3_2_0_0j,1,,1,,4Hex+3HexNAc+2Fuc,4,3,2,0,"j  ",0,,,,
4_4_0_0_0a,,,1,,4Hex+4HexNAc,4,4,0,0,"a  ",0,,,,
4_4_1_0_0a,1,,1,,4Hex+4HexNAc+Fuc,4,4,1,0,"a  ",0,,,,
4_5_0_0_0a,,,1,,4Hex+5HexNAc,4,5,0,0,"a  ",0,,,,
4_5_1_0_0a,1,,1,,4Hex+5HexNAc+Fuc,4,5,1,0,"a  ",0,,,,
2_0_0_1_2a,,1,,,2Hex+Neu5Ac+2Neu5Gc,2,0,0,1,"a  ",2,,,,1
5_0_0_0_0c,,,1,,5Hex,5,0,0,0,"c  ",0,,,,
5_0_0_0_0d,,,1,,5Hex,5,0,0,0,"d  ",0,,,,
5_0_0_0_0e,,,1,,5Hex,5,0,0,0,"e  ",0,,,,
5_0_0_0_0f,,,1,,5Hex,5,0,0,0,"f  ",0,,,,
5_0_0_0_0g,,,1,,5Hex,5,0,0,0,"g  ",0,,,,
2_0_1_0_1a,1,1,,,Hex2+Fuc+Neu5Gc,2,0,1,0,"a  ",1,,,,1
5_0_0_1_0b,,1,,,5Hex+1Neu5Ac,5,0,0,1,"b  ",0,,,,
5_0_1_0_0a,1,,1,,5Hex+Fuc,5,0,1,0,"a  ",0,,,,
5_3_1_0_0p,1,,1,,5Hex+3HexNAc+1Fuc,5,3,1,0,"p  ",0,,,,
2_0_1_1_1a,1,1,,,2Hex+Fuc+Neu5Ac+Neu5Gc,2,0,1,1,"a  ",1,,,,1
2_1_0_0_1a,,1,,,2Hex+HexNAc+Neu5Gc,2,1,0,0,"a  ",1,,,,1
2_1_0_0_1b,,1,,,2Hex+HexNAc+Neu5Gc,2,1,0,0,"b  ",1,,,,1
2_1_0_1_1a,,1,,,2Hex+HexNAc+Neu5Ac+Neu5Gc,2,1,0,1,"a  ",1,,,,1
2_2_0_0_1a,,1,,,2Hex+2HexNAc+Neu5Gc,2,2,0,0,"a  ",1,,,,1
3_0_0_0_1c,,1,,,3Hex+Neu5Gc,3,0,0,0,"c  ",1,,,,1
3_0_0_0_1d,,1,,,3Hex+Neu5Gc,3,0,0,0,"d  ",1,,,,1
3_0_0_0_2b,,1,,,3Hex+2Neu5Gc,3,0,0,0,"b  ",2,,,,1
3_0_0_1_1a,,1,,,3Hex+Neu5Ac+Neu5Gc,3,0,0,1,"a  ",1,,,,1
3_0_2_0_1a,1,1,,,3Hex+2Fuc+Neu5Gc,3,0,2,0,"a  ",1,,,,1
3_1_0_0_1c,,1,,,3Hex+HexNAc+Neu5Gc,3,1,0,0,"c  ",1,,,,1
5_1_0_0_0h,,,1,,5Hex+HexNAc,5,1,0,0,"h  ",0,,,,
3_1_1_0_1a,1,1,,,3Hex+HexNAc+Fuc+Neu5Gc,3,1,1,0,"a  ",1,,,,1
3_1_1_1_1a,1,1,,,3Hex+HexNAc+Fuc+Neu5Ac+Neu5Gc,3,1,1,1,"a  ",1,,,,1
3_2_1_0_1a,1,,1,,3Hex+2HexNAc+Fuc+Neu5Gc,3,2,1,0,"a  ",1,,,,1
5_1_1_0_0a,1,,1,,5Hex+HexNAc+Fuc,5,1,1,0,"a  ",0,,,,
4_0_0_0_1a,,1,,,4Hex+Neu5Gc,4,0,0,0,"a  ",1,,,,1
4_0_0_1_1a,,1,,,4Hex+Neu5Ac+Neu5Gc,4,0,0,1,"a  ",1,,,,1
5_2_0_0_0c,,,1,,5Hex+2HexNAc,5,2,0,0,"c  ",0,,,,
5_2_0_0_0e,,,1,,5Hex+2HexNAc,5,2,0,0,"e  ",0,,,,
4_1_0_0_1c,,1,,,4Hex+HexNAc+Neu5Gc,4,1,0,0,"c  ",1,,,,1
4_2_0_0_1c,,1,,,4Hex+2HexNAc+Neu5Gc,4,2,0,0,"c  ",1,,,,1
5_0_0_0_1a,,1,,,5Hex+Neu5Gc,5,0,0,0,"a  ",1,,,,1
5_2_0_1_0c,,1,,,5Hex+2HexNAc+Neu5Ac,5,2,0,1,"c  ",0,,,,
5_2_1_0_0b,1,,1,,5Hex+2HexNAc+Fuc,5,2,1,0,"b  ",0,,,,
5_2_1_0_0c,1,,1,,5Hex+2HexNAc+Fuc,5,2,1,0,"c  ",0,,,,
2_0_0_0_1a,,1,,,"Neu5Gc(a2-3)Gal(b1-4)Glc (3'-NGc-SL or 3'-GL)",2,0,0,0,"a  ",1,,,1,1
5_2_1_1_0b,1,1,,,5Hex+2HexNAc+Fuc+Neu5Ac,5,2,1,1,"b  ",0,,,,
5_2_1_1_0c,1,1,,,5Hex+2HexNAc+Fuc+Neu5Ac,5,2,1,1,"c  ",0,,,,
2_0_0_0_1b,,1,,,"Neu5Gc(a2-6)Gal(b1-4)Glc (6'-GL)",2,0,0,0,"b  ",1,,,1,1
5_2_2_0_0b,1,,1,,5Hex+2HexNAc+2Fuc,5,2,2,0,"b  ",0,,,,
5_2_2_0_0c,1,,1,,5Hex+2HexNAc+2Fuc,5,2,2,0,"c  ",0,,,,
2_0_0_0_1c,,1,,,Neu5Gc-Gal(b1-4)Glc,2,0,0,0,"c  ",1,,,1,1
5_2_3_0_0a,1,,1,,5Hex+2HexNAc+3Fuc,5,2,3,0,"a  ",0,,,,
2_0_0_0_2a,,1,,,"Neu5Gc(a2-8)Neu5Gc(a2-3)Gal(b1-4)Glc (DGL)",2,0,0,0,"a  ",2,,,1,1
5_3_0_0_0b,,,1,,5Hex+3HexNAc,5,3,0,0,"b  ",0,,,,
2_0_0_0_2b,,1,,,Neu5Gc-Neu5Gc-Gal(b1-4)Glc,2,0,0,0,"b  ",2,,,1,1
2_0_0_1_1b,,1,,,"Neu5Gc(a2-8)Neu5Ac(a2-3)Gal(b1-4)Glc (GSL)",2,0,0,1,"b  ",1,,,1,1
2_0_0_1_1d,,1,,,Neu5Ac(a2-8)Neu5Gc(a2-6)Gal(b1-4)Glc,2,0,0,1,"d  ",1,,,1,1
3_0_0_0_1a,,1,,,Gal(b1-3)[Neu5Gc(a2-6)]Gal(b1-4)Glc,3,0,0,0,"a  ",1,,,1,1
3_0_0_0_1b,,1,,,Neu5Gc(a2-3)Gal(b1-3)Gal(b1-4)Glc,3,0,0,0,"b  ",1,,,1,1
3_0_0_0_2a,,1,,,Neu5Gc(a2-3)Gal(b1-3)[Neu5Gc(a2-6)]Gal(b1-4)Glc,3,0,0,0,"a  ",2,,,1,1
5_3_0_0_0j,,,1,,5Hex+3HexNAc,5,3,0,0,"j  ",0,,,,
5_3_0_0_0k,,,1,,5Hex+3HexNAc,5,3,0,0,"k  ",0,,,,
5_3_0_0_0l,,,1,,5Hex+3HexNAc,5,3,0,0,"l  ",0,,,,
5_3_0_0_0m,,,1,,5Hex+3HexNAc,5,3,0,0,"m  ",0,,,,
5_3_0_0_0n,,,1,,5Hex+3HexNAc,5,3,0,0,"n  ",0,,,,
5_3_0_0_0o,,,1,,5Hex+3HexNAc,5,3,0,0,"o  ",0,,,,
5_3_0_0_0p,,,1,,5Hex+3HexNAc,5,3,0,0,"p  ",0,,,,
5_3_0_0_0q,,,1,,5Hex+3HexNAc,5,3,0,0,"q  ",0,,,,
5_3_0_1_0b,,1,,,5Hex+3HexNAc+1Neu5Ac,5,3,0,1,"b  ",0,,,,
5_3_0_1_0c,,1,,,5Hex+3HexNAc+1Neu5Ac,5,3,0,1,"c  ",0,,,,
5_3_0_1_0d,,1,,,5Hex+3HexNAc+1Neu5Ac,5,3,0,1,"d  ",0,,,,
5_3_1_0_0k,1,,1,,5Hex+3HexNAc+1Fuc,5,3,1,0,"k  ",0,,,,
5_3_1_0_0l,1,,1,,5Hex+3HexNAc+1Fuc,5,3,1,0,"l  ",0,,,,
5_3_1_0_0q,1,,1,,5Hex+3HexNAc+1Fuc,5,3,1,0,"q  ",0,,,,
5_3_1_1_0e,1,1,,,5Hex+3HexNAc+1Fuc+1Neu5Ac,5,3,1,1,"e  ",0,,,,
5_3_1_1_0f,1,1,,,5Hex+3HexNAc+1Fuc+1Neu5Ac,5,3,1,1,"f  ",0,,,,
5_3_1_1_0g,1,1,,,5Hex+3HexNAc+1Fuc+1Neu5Ac,5,3,1,1,"g  ",0,,,,
5_3_2_0_0x,1,,1,,5Hex+3HexNAc+2Fuc,5,3,2,0,"x  ",0,,,,
5_3_2_0_0y,1,,1,,5Hex+3HexNAc+2Fuc,5,3,2,0,"y  ",0,,,,
5_3_2_0_0z,1,,1,,5Hex+3HexNAc+2Fuc,5,3,2,0,"z  ",0,,,,
5_3_2_0_0aa,1,,1,,5Hex+3HexNAc+2Fuc,5,3,2,0,"aa ",0,,,,
5_3_2_0_0ab,1,,1,,5Hex+3HexNAc+2Fuc,5,3,2,0,"ab ",0,,,,
5_3_2_0_0ac,1,,1,,5Hex+3HexNAc+2Fuc,5,3,2,0,"ac ",0,,,,
5_3_2_1_0h,1,1,,,5Hex+3HexNAc+2Fuc+1Neu5Ac,5,3,2,1,"h  ",0,,,,
5_3_2_1_0i,1,1,,,5Hex+3HexNAc+2Fuc+1Neu5Ac,5,3,2,1,"i  ",0,,,,
6_0_0_0_1a,,1,,,6Hex+Neu5Gc,6,0,0,0,"a  ",1,,,,1
5_3_3_0_0l,1,,1,,5Hex+3HexNAc+3Fuc,5,3,3,0,"l  ",0,,,,
5_3_3_0_0m,1,,1,,5Hex+3HexNAc+3Fuc,5,3,3,0,"m  ",0,,,,
5_3_3_0_0n,1,,1,,5Hex+3HexNAc+3Fuc,5,3,3,0,"n  ",0,,,,
5_3_3_1_0c,1,1,,,5Hex+3HexNAc+3Fuc+1Neu5Ac,5,3,3,1,"c  ",0,,,,
5_3_4_0_0c,1,,1,,5Hex+3HexNAc+4Fuc,5,3,4,0,"c  ",0,,,,
5_4_0_0_0a,,,1,,5Hex+4HexNAc,5,4,0,0,"a  ",0,,,,
5_4_0_1_0a,,1,,,5Hex+4HexNAc+Neu5Ac,5,4,0,1,"a  ",0,,,,
5_4_1_0_0a,1,,1,,5Hex+4HexNAc+Fuc,5,4,1,0,"a  ",0,,,,
6_0_0_0_0b,,,1,,6Hex,6,0,0,0,"b  ",0,,,,
6_0_0_0_0c,,,1,,6Hex,6,0,0,0,"c  ",0,,,,
6_0_0_0_0d,,,1,,6Hex,6,0,0,0,"d  ",0,,,,
6_0_0_0_0e,,,1,,6Hex,6,0,0,0,"e  ",0,,,,
6_0_0_1_0a,,1,,,6Hex+Neu5Ac,6,0,0,1,"a  ",0,,,,
6_1_0_0_0b,,,1,,6Hex+HexNAc,6,1,0,0,"b  ",0,,,,
6_2_0_0_0d,,,1,,6Hex+2HexNAc,6,2,0,0,"d  ",0,,,,
6_3_1_0_0a,1,,1,,6Hex+3HexNAc+Fuc,6,3,1,0,"a  ",0,,,,
6_3_2_0_0a,1,,1,,6Hex+3HexNAc+2Fuc,6,3,2,0,"a  ",0,,,,
6_4_0_0_0f,,,1,,6Hex+4HexNAc,6,4,0,0,"f  ",0,,,,
6_4_0_0_0g,,,1,,6Hex+4HexNAc,6,4,0,0,"g  ",0,,,,
6_4_0_0_0h,,,1,,6Hex+4HexNAc,6,4,0,0,"h  ",0,,,,
6_4_0_0_0i,,,1,,6Hex+4HexNAc,6,4,0,0,"i  ",0,,,,
6_4_0_0_0j,,,1,,6Hex+4HexNAc,6,4,0,0,"j  ",0,,,,
6_4_0_1_0b,,1,,,6Hex+4HexNAc+1Neu5Ac,6,4,0,1,"b  ",0,,,,
6_4_0_1_0c,,1,,,6Hex+4HexNAc+1Neu5Ac,6,4,0,1,"c  ",0,,,,
6_4_0_1_0d,,1,,,6Hex+4HexNAc+1Neu5Ac,6,4,0,1,"d  ",0,,,,
6_4_1_0_0i,1,,1,,6Hex+4HexNAc+Fuc,6,4,1,0,"i  ",0,,,,
6_4_1_0_0j,1,,1,,6Hex+4HexNAc+Fuc,6,4,1,0,"j  ",0,,,,
6_4_1_0_0k,1,,1,,6Hex+4HexNAc+Fuc,6,4,1,0,"k  ",0,,,,
6_4_1_0_0l,1,,1,,6Hex+4HexNAc+Fuc,6,4,1,0,"l  ",0,,,,
6_4_1_0_0m,1,,1,,6Hex+4HexNAc+Fuc,6,4,1,0,"m  ",0,,,,
6_4_1_0_0n,1,,1,,6Hex+4HexNAc+Fuc,6,4,1,0,"n  ",0,,,,
6_4_1_0_0o,1,,1,,6Hex+4HexNAc+Fuc,6,4,1,0,"o  ",0,,,,
6_4_1_0_0p,1,,1,,6Hex+4HexNAc+Fuc,6,4,1,0,"p  ",0,,,,
6_4_1_1_0a,1,1,,,6Hex+4HexNAc+Fuc+Neu5Ac,6,4,1,1,"a  ",0,,,,
6_4_1_1_0b,1,1,,,6Hex+4HexNAc+Fuc+Neu5Ac,6,4,1,1,"b  ",0,,,,
6_4_2_0_0p,1,,1,,6Hex+4HexNAc+2Fuc,6,4,2,0,"p  ",0,,,,
6_4_2_0_0q,1,,1,,6Hex+4HexNAc+2Fuc,6,4,2,0,"q  ",0,,,,
6_4_2_0_0r,1,,1,,6Hex+4HexNAc+2Fuc,6,4,2,0,"r  ",0,,,,
6_4_2_0_0s,1,,1,,6Hex+4HexNAc+2Fuc,6,4,2,0,"s  ",0,,,,
6_4_2_0_0t,1,,1,,6Hex+4HexNAc+2Fuc,6,4,2,0,"t  ",0,,,,
6_4_2_0_0u,1,,1,,6Hex+4HexNAc+2Fuc,6,4,2,0,"u  ",0,,,,
6_4_2_1_0d,1,1,,,6Hex+4HexNAc+2Fuc+Neu5Ac,6,4,2,1,"d  ",0,,,,
6_4_3_0_0o,1,,1,,6Hex+4HexNAc+3Fuc,6,4,3,0,"o  ",0,,,,
6_4_4_0_0g,1,,1,,6Hex+4HexNAc+4Fuc,6,4,4,0,"g  ",0,,,,
6_4_5_0_0a,1,,1,,6Hex+4HexNAc+5Fuc,6,4,5,0,"a  ",0,,,,
6_5_1_1_0a,1,1,,,6Hex+5HexNAc+Fuc+Neu5Ac,6,5,1,1,"a  ",0,,,,
6_5_1_1_0b,1,1,,,6Hex+5HexNAc+Fuc+Neu5Ac,6,5,1,1,"b  ",0,,,,
7_0_0_0_0a,,,1,,7Hex,7,0,0,0,"a  ",0,,,,
7_0_0_0_0b,,,1,,7Hex,7,0,0,0,"b  ",0,,,,
7_0_0_0_0d,,,1,,7Hex,7,0,0,0,"d  ",0,,,,
7_2_0_0_0a,,,1,,7Hex+2HexNAc,7,2,0,0,"a  ",0,,,,
7_2_0_1_0a,,1,,,7Hex+2HexNAc+Neu5Ac,7,2,0,1,"a  ",0,,,,
7_5_0_0_0b,,,1,,7Hex+5HexNAc,7,5,0,0,"b  ",0,,,,
7_5_0_0_0c,,,1,,7Hex+5HexNAc,7,5,0,0,"c  ",0,,,,
7_5_1_0_0b,1,,1,,7Hex+5HexNAc+Fuc,7,5,1,0,"b  ",0,,,,
7_5_1_1_0a,1,1,,,7Hex+5HexNAc+Fuc+Neu5Ac,7,5,1,1,"a  ",0,,,,
7_5_2_0_0b,1,,1,,7Hex+5HexNAc+2Fuc,7,5,2,0,"b  ",0,,,,
7_5_2_1_0b,1,1,,,7Hex+5HexNAc+2Fuc+Neu5Ac,7,5,2,1,"b  ",0,,,,
7_5_3_0_0a,1,,1,,7Hex+5HexNAc+3Fuc,7,5,3,0,"a  ",0,,,,
7_5_3_0_0b,1,,1,,7Hex+5HexNAc+3Fuc,7,5,3,0,"b  ",0,,,,
7_5_4_0_0a,1,,1,,7Hex+5HexNAc+4Fuc,7,5,4,0,"a  ",0,,,,
7_5_4_0_0b,1,,1,,7Hex+5HexNAc+4Fuc,7,5,4,0,"b  ",0,,,,
8_0_0_0_0b,,,1,,8Hex,8,0,0,0,"b  ",0,,,,
8_0_2_1_0a,1,1,,,8Hex+2Fuc+Neu5Ac,8,0,2,1,"a  ",0,,,,
8_6_0_0_0b,,,1,,8Hex+6HexNAc,8,6,0,0,"b  ",0,,,,
8_6_1_0_0b,1,,1,,8Hex+6HexNAc+Fuc,8,6,1,0,"b  ",0,,,,
8_6_2_0_0b,1,,1,,8Hex+6HexNAc+2Fuc,8,6,2,0,"b  ",0,,,,
8_6_2_3_0a,1,1,,,8Hex+6HexNAc+2Fuc+3Neu5Ac,8,6,2,3,"a  ",0,,,,
8_6_3_0_0b,1,,1,,8Hex+6HexNAc+3Fuc,8,6,3,0,"b  ",0,,,,
8_6_4_0_0b,1,,1,,8Hex+6HexNAc+4Fuc,8,6,4,0,"b  ",0,,,,
8_6_5_3_0a,1,1,,,8Hex+6HexNAc+5Fuc+3Neu5Ac,8,6,5,3,"a  ",0,,,,
9_0_0_0_0a,,,1,,9Hex,9,0,0,0,"a  ",0,,,,
9_0_0_1_0a,,1,,,9Hex+Neu5Ac,9,0,0,1,"a  ",0,,,,
9_0_1_1_0a,1,1,,,9Hex+Fuc+Neu5Ac,9,0,1,1,"a  ",0,,,,
3_1_0_0_0a,,,1,1,"Gal(b1-3)GlcNAc(b1-3)Gal(b1-4)Glc (LNT)",3,1,0,0,"a  ",0,1,,1,
1_1_0_1_0a,,1,,,"Neu5Ac(a2-3)Gal(b1-4)GlcNAc (3'-SLN)",1,1,0,1,"a  ",0,,,1,
1_1_0_1_0b,,1,,,"Neu5Ac(a2-6)Gal(b1-4)GlcNAc (6'-SLN)",1,1,0,1,"b  ",0,,,1,
1_1_0_1_0f,,1,,,Gal(b1-4)[Neu5Ac(a2-3)]GlcNAc,1,1,0,1,"f  ",0,,,1,
1_1_0_1_0g,,1,,,Gal(b1-4)[Neu5Ac(a2-6)]GlcNAc,1,1,0,1,"g  ",0,,,1,
1_1_0_2_0a,,1,,,"Neu5Ac(a2-8)Neu5Ac(a2-3)Gal(b1-4)GlcNAc (DSLN)",1,1,0,2,"a  ",0,,,1,
1_1_1_0_0a,1,,1,,Gal(b1-4)[Fuc(a1-3)]GlcNAc,1,1,1,0,"a  ",0,,,1,
1_1_1_0_0d,1,,1,,Fuc(a1-2)Gal(b1-4)GlcNAc,1,1,1,0,"d  ",0,,,1,
1_1_1_1_0a,1,1,,,"Neu5Ac(a2-6)Gal(b1-3)[Fuc(a1-4)]GlcNAc (3'Sle)",1,1,1,1,"a  ",0,,,1,
1_2_0_0_0e,,,1,,"GlcNAc(1-6)GalNAc(1-4)Glc (bosiose)",1,2,0,0,"e  ",0,,,1,
2_0_0_1_0a,,1,,,"Neu5Ac(a2-3)Gal(b1-4)Glc (3′-SL)",2,0,0,1,"a  ",0,,,1,
2_0_0_1_0b,,1,,,"Neu5Ac(a2-6)Gal(b1-4)Glc (6′-SL)",2,0,0,1,"b  ",0,,,1,
2_0_0_1_0d,,1,,,"Neu4,5Ac(a2-3)Gal(b1-4)Glc",2,0,0,1,"d  ",0,,,1,
2_0_0_2_0a,,1,,,"Neu5Ac(a2-8)Neu5Ac(a2-3)Gal(b1-4)Glc (DSL)",2,0,0,2,"a  ",0,,,1,
2_0_1_0_0a,1,,1,,"Fuc(a1-2)Gal(b1-4)Glc (2'-FL)",2,0,1,0,"a  ",0,,,1,
2_0_1_0_0b,1,,1,,"Gal(b1-4) [Fuc(a1-3)]Glc (3-FL)",2,0,1,0,"b  ",0,,,1,
2_0_1_1_0a,1,1,,,Neu5Ac(a2-3)Gal(b1-4)[Fuc(a1-3)]Glc,2,0,1,1,"a  ",0,,,1,
2_0_2_0_0a,1,,1,,"Fuc(a1-2)Gal(b1-4)GlcFuc(a1-3) (DFL)",2,0,2,0,"a  ",0,,,1,
2_1_0_0_0a,,,1,,"GalNAc(a1-3)Gal(b1-4)Glc (a 3'-GalNAcL)",2,1,0,0,"a  ",0,,,1,
2_1_0_0_0c,,,1,,GlcNAc(b1-3)Gal(b1-4)Glc,2,1,0,0,"c  ",0,,,1,
2_1_0_0_0d,,,1,,"GlcNAc(b1-6)Gal(b1-4)Glc (6'-GlcNAcL)",2,1,0,0,"d  ",0,,,1,
2_1_0_0_0e,,,1,,Gal-Gal(b1-4)GlcNAc,2,1,0,0,"e  ",0,,,1,
2_1_0_0_0f,,,1,,Gal-Gal(b1-4)GlcNAc,2,1,0,0,"f  ",0,,,1,
2_1_0_0_0h,,,1,,HexNAc-Gal(b1-4)Glc,2,1,0,0,"h  ",0,,,1,
2_1_0_0_0i,,,1,,HexNAc-Gal(b1-4)Glc,2,1,0,0,"i  ",0,,,1,
2_1_0_0_0j,,,1,,HexNAc-Gal(b1-4)Glc,2,1,0,0,"j  ",0,,,1,
2_1_0_1_0a,,1,,,"GalNAc(b1-4)[Neu5Ac(a2-3)]Gal(b1-4)Glc (GM2 tetrasaccharide or GM2 tetra)",2,1,0,1,"a  ",0,,,1,
2_1_0_1_0b,,1,,,"Neu5Ac(a2-3) + HexNAc-Gal(b1-3)Glc",2,1,0,1,"b  ",0,,,1,
2_1_0_1_0c,,1,,,Neu5Ac(a2-3)GlcNAc(b1-3)Gal(b1-4)Glc,2,1,0,1,"c  ",0,,,1,
2_1_0_1_0d,,1,,,Neu5Ac(a2-6)GlcNAc(b1-6)Gal(b1-4)Glc,2,1,0,1,"d  ",0,,,1,
2_1_0_1_0e,,1,,,Neu5Ac(a2-6)GlcNAc(b1-3)Gal(b1-4)Glc,2,1,0,1,"e  ",0,,,1,
2_1_1_0_0a,1,,1,,Fuc(a1-2)Gal(b1-4)[GalNAc(a1-3)]Glc,2,1,1,0,"a  ",0,,,1,
2_1_1_0_0b,1,,1,,"GalNAc(a1-3)[Fuc(a1-2)]Gal(b1-4)Glc (A-tetrasaccharide)",2,1,1,0,"b  ",0,,,1,
2_1_1_1_0a,1,1,,,Neu5Ac(a2-3)Gal(b1-3)[Fuc(a1-4)]GlcNAc(b1-3)Gal,2,1,1,1,"a  ",0,,,1,
2_1_2_0_0a,1,,1,,"GalNAc(a1-3)[Fuc(a1-2)]Gal(b1-4)[Fuc(a1-3)]Glc (A-pentasaccharide)",2,1,2,0,"a  ",0,,,1,
2_2_0_0_0a,,,1,,Gal-HexNAc-Gal(b1-4)GlcNAc,2,2,0,0,"a  ",0,,,1,
3_0_0_0_0a,,,1,,"Gal(a1-3)Gal(b1-4)Glc (isoglobotriose or 3′-GL)",3,0,0,0,"a  ",0,,,1,
3_0_0_0_0b,,,1,,"Gal(b1-3)Gal(b1-4)Glc (b 3′-GL)",3,0,0,0,"b  ",0,,,1,
3_0_0_0_0c,,,1,,"Gal(b1-4)Gal(b1-4)Glc (4'-GL)",3,0,0,0,"c  ",0,,,1,
3_0_0_0_0d,,,1,,"Gal(a1-4)Gal(b1-4)Glc (globotriose)",3,0,0,0,"d  ",0,,,1,
3_0_0_0_0e,,,1,,"Gal(b1-6)Gal(b1-4)Glc (6′-GL)",3,0,0,0,"e  ",0,,,1,
3_0_0_1_0a,,1,,,Gal(b1-3)[Neu5Ac(a2-6)]Gal(b1-4)Glc,3,0,0,1,"a  ",0,,,1,
3_0_0_1_0b,,1,,,Gal(b1-6)[Neu5Ac(a2-3)]Gal(b1-4)Glc,3,0,0,1,"b  ",0,,,1,
3_0_0_1_0c,,1,,,Gal(b1-6)[Neu5Ac(a2-6)]Gal(b1-4)Glc,3,0,0,1,"c  ",0,,,1,
3_0_0_1_0d,,1,,,Gal(b1-6)[Neu5Ac(a2-3)]Gal(b1-4)Glc,3,0,0,1,"d  ",0,,,1,
3_0_0_1_0e,,1,,,"Neu5Ac(a2-3)Gal(b1-3)Gal(b1-4)Glc (sialyl 3′-galactosyllactose)",3,0,0,1,"e  ",0,,,1,
3_0_0_1_0f,,1,,,"Neu5Ac(a2-3) + Gal-Gal(b1-3)Glc",3,0,0,1,"f  ",0,,,1,
3_0_0_2_0a,,1,,,Neu5Ac(a2-3)Gal(b1-3)[Neu5Ac(a2-6)]Gal(b1-4)Glc,3,0,0,2,"a  ",0,,,1,
3_0_1_0_0a,1,,1,,"Gal(a1-3)[Fuc(a1-2)]Gal(b1-4)Glc (B-tetrasaccharide)",3,0,1,0,"a  ",0,,,1,
3_0_1_0_0b,1,,1,,"Gal(a1-3)Gal(b1-4)[Fuc(a1-3)]Glc (fucosyl isoglobotriose)",3,0,1,0,"b  ",0,,,1,
3_0_1_0_0c,1,,1,,"Fuc + Gal-Gal(b1-4)Glc",3,0,1,0,"c  ",0,,,1,
3_0_1_0_0d,1,,1,,"Fuc + Gal-Gal(b1-4)Glc",3,0,1,0,"d  ",0,,,1,
3_0_2_0_0a,1,,1,,"Gal(a1-3)[Fuc(a1-2)]Gal(b1-4)[Fuc(a1-3)]Glc (B-pentasaccharide)",3,0,2,0,"a  ",0,,,1,
3_1_0_0_0c,,,1,,"Gal(b1-4)[GlcNAc(b1-6)]Gal(b1-4)Glc (iso-LNnT)",3,1,0,0,"c  ",0,,,1,
3_1_0_0_0d,,,1,,Gal(b1-3)[GlcNAc(b1-6)]Gal(b1-4)Glc,3,1,0,0,"d  ",0,,,1,
3_1_0_0_0e,,,1,,Gal(b1-6)[GlcNAc(b1-3)]Gal(b1-4)Glc,3,1,0,0,"e  ",0,,,1,
3_1_0_0_0k,,,1,,Gal(b1-4)GlcNAc(b1-6)Gal(b1-4)Glc,3,1,0,0,"k  ",0,,,1,
3_1_0_0_0b,,,1,2,"Gal(b1-4)GlcNAc(b1-3)Gal(b1-4)Glc (LNnT)",3,1,0,0,"b  ",0,,1,1,
1_1_0_0_1a,,1,,,"Neu5Gc(a2-3)Gal(b1-4)GlcNAc (3'-GLN)",1,1,0,0,"a  ",1,,,1,1
1_1_0_0_1b,,1,,,"Neu5Gc(a2-6)Gal(b1-4)GlcNAc (6'-GLN)",1,1,0,0,"b  ",1,,,1,1
1_1_0_0_1c,,1,,,Neu5Gc+Gal(b1-4)GlcNAc,1,1,0,0,"c  ",1,,,1,1
3_1_0_0_0l,,,1,,Gal(b1-6)GlcNAc(b1-3)Gal(b1-4)Glc,3,1,0,0,"l  ",0,,,1,
4_1_0_0_1a,,1,,,"Neu5Gc(a2-3) + Gal(b1-4)GlcNAc(b1-6)[Gal(b1-3)]Gal(b1-4)Glc (3GLNnP I)",4,1,0,0,"a  ",1,,,1,1
3_1_0_1_0b,,1,,,"Gal(b1-3)[Neu5Ac(a2-6)]GlcNAc(b1-3)Gal(b1-4)Glc (LST b)",3,1,0,1,"b  ",0,,,1,
4_1_0_0_1b,,1,,,"Neu5Gc(a2-6) + Gal(b1-4)GlcNAc(b1-6)[Gal(b1-3)]Gal(b1-4)Glc (6GLNnP I)",4,1,0,0,"b  ",1,,,1,1
3_1_0_0_1a,,1,,2,"Neu5Gc(a2-6)Gal(b1-4)GlcNAc(b1-3)Gal(b1-4)Glc (a2-6N-glycolylneuraminyl lacto-N-neotetraose)",3,1,0,0,"a  ",1,,1,1,1
3_1_0_0_1b,,1,,2,"Neu5Gc + Gal(b1-4)GlcNAc(b1-3)Gal(b1-4)Glc (GLNnT)",3,1,0,0,"b  ",1,,1,1,1
3_1_1_0_0l,1,,1,,Gal(b1-4)[Fuc(a1-3)]GlcNAc(b1-6)Gal(b1-4)Glc,3,1,1,0,"l  ",0,,,1,
3_1_1_0_0m,1,,1,,Gal(b1-3)GlcNAc(b1-6)Gal(b1-4)[Fuc(a1-3)]Glc,3,1,1,0,"m  ",0,,,1,
3_1_3_0_0b,1,,1,,Fuc(a1-2)Gal(b1-4)[Fuc(a1-3)]GlcNAc(b1-?)Gal(b1-4)[Fuc(a1-3)]Glc,3,1,3,0,"b  ",0,,,1,
3_2_0_0_0a,,,1,,Gal(b1-4)GlcNAc(b1-6)[GlcNAc(b1-3)]Gal(b1-4)Glc,3,2,0,0,"a  ",0,,,1,
3_2_0_0_0d,,,1,,"GlcNAc + Gal(b1-4)GlcNAc-Gal(b1-4)Glc",3,2,0,0,"d  ",0,,,1,
3_2_0_0_0m,,,1,,"Gal(a1-3)GlcNAc(b1-6)Gal(b1-4)[GalNAc(a1-3)]Glc (grunniose)",3,2,0,0,"m  ",0,,,1,
3_2_0_1_0a,,1,,,Neu5Ac(a2-3)Gal(b1-4)GlcNAc(b1-6)[GlcNAc(b1-3)]Gal(b1-4)Glc,3,2,0,1,"a  ",0,,,1,
3_2_0_2_0c,,1,,,Neu5Ac+Neu5Ac(a2-3)Gal(b1-4)GlcNAc(b1-6)[GlcNAc(b1-3)]Gal(b1-4)Glc,3,2,0,2,"c  ",0,,,1,
3_2_0_2_0d,,1,,,Neu5Ac+Neu5Ac(a2-3)Gal(b1-4)GlcNAc(b1-6)[GlcNAc(b1-3)]Gal(b1-4)Glc,3,2,0,2,"d  ",0,,,1,
3_3_0_0_0a,,,1,,"Gal(b1-4)GlcNAc + Gal-GlcNAc-Gal(b1-4)GlcNAc",3,3,0,0,"a  ",0,,,1,
3_3_0_0_0b,,,1,,Gal(b1-4)HexNAc-HexNAc-Gal-Gal(b1-4)Glc,3,3,0,0,"b  ",0,,,1,
3_3_1_0_0a,1,,1,,Fuc+Gal(b1-4)GlcNAc(b1-6)[Gal(b1-4)GlcNAc(b1-3)]Gal(b1-4)GlcNAc,3,3,1,0,"a  ",0,,,1,
4_0_0_0_0a,,,1,,"Gal(b1-3)Gal(b1-3)Gal(b1-4 )Glc ( 3”,3’-digalactosyllactose)",4,0,0,0,"a  ",0,,,1,
4_0_0_0_0b,,,1,,Gal-Gal-Gal(b1-4)Glc,4,0,0,0,"b  ",0,,,1,
4_0_0_0_0g,,,1,,Gal(b1-3)[Gal(b1-6)]Gal(b1-4)Glc,4,0,0,0,"g  ",0,,,1,
4_0_0_1_0a,,1,,,Neu5Ac(a2-3)Gal(b1-3)Gal(b1-3)Gal(b1-4)Glc,4,0,0,1,"a  ",0,,,1,
4_1_0_0_0a,,,1,,"Gal(b1-4)GlcNAc(b1-6)[Gal(b1-3)]Gal(b1-4)Glc (LNnP I)",4,1,0,0,"a  ",0,,,1,
4_1_0_0_0c,,,1,,Gal(b1-3)[Gal(b1-6)GlcNAc(b1-6)]Gal(b1-4)Glc,4,1,0,0,"c  ",0,,,1,
4_1_0_0_0e,,,1,,Gal(b1-3)[Gal(b1-4)GlcNAc(b1-6)]Gal(b1-4)Glc,4,1,0,0,"e  ",0,,,1,
4_1_0_0_0j,,,1,,Gal(b1-3)[Gal(b1-4)]GlcNAc(b1-3)Gal(b1-4)Glc,4,1,0,0,"j  ",0,,,1,
4_1_0_1_0a,,1,,,"Neu5Ac(a2-3)Gal(b1-3)[Gal(b1-4)GlcNAc(b1-6)]Gal(b1-4)Glc (SLNnP a)",4,1,0,1,"a  ",0,,,1,
4_1_0_1_0b,,1,,,"Gal(b1-3)[Neu5Ac(a2-6)Gal(b1-4)GlcNAc(b1-6)]Gal(b1-4)Glc (SLNnP b)",4,1,0,1,"b  ",0,,,1,
4_1_0_1_0c,,1,,,"Gal(b1-3)[Neu5Ac(a2-3)Gal(b1-4)GlcNAc(b1-6)]Gal(b1-4)Glc (SLNnP c)",4,1,0,1,"c  ",0,,,1,
3_1_0_1_0c,,1,,2,"Neu5Ac(a2-6)Gal(b1-4)GlcNAc(b1-3)Gal(b1-4)Glc (6'-SLNnT)",3,1,0,1,"c  ",0,,1,1,
3_1_0_1_0d,,1,,2,"Neu5Ac(a2-3)Gal(b1-4)GlcNAc(b1-3)Gal(b1-4)Glc (3'-SLNnT)",3,1,0,1,"d  ",0,,1,1,
3_1_0_1_0e,,1,,2,Neu5Ac(a2-6)Gal(b1-4)GlcNAc(b1-3)Gal(b1-4)Glc,3,1,0,1,"e  ",0,,1,1,
3_1_0_1_0m,,1,,2,"Neu4,5Ac(a2-3)Gal(b1-4)GlcNAc(b1-3)Gal(b1-4)Glc",3,1,0,1,"m  ",0,,1,1,
3_1_1_0_0c,1,,1,2,"Gal(b1-4)[Fuc(a1-3)]GlcNAc(b1-3)Gal(b1-4)Glc (LNFP III)",3,1,1,0,"c  ",0,,1,1,
3_1_1_0_0d,1,,1,2,"Fuc(a1-2)Gal(b1-4)GlcNAc(b1-3)Gal(b1-4)Glc (LNFP IV)",3,1,1,0,"d  ",0,,1,1,
3_1_1_0_0f,1,,1,2,"Gal(b1-4)GlcNAc(b1-3)Gal(b1-4)[Fuc(a1-3)]Glc (LNFP VI or LNnFP V)",3,1,1,0,"f  ",0,,1,1,
3_1_1_1_0a,1,1,,2,"Neu5Ac(a2-6)Gal(b1-4)GlcNAc(b1-3)Gal(b1-4)[Fuc(a1-3)]Glc (F-LSTc)",3,1,1,1,"a  ",0,,1,1,
3_1_1_1_0b,1,1,,2,Neu5Ac(a2-3)Gal(b1-4)[Fuc(a1-3)]GlcNAc(b1-3)Gal(b1-4)Glc,3,1,1,1,"b  ",0,,1,1,
3_1_1_1_0d,1,1,,2,"Neu5Ac(a2-6)Gal(b1-4)GlcNAc(b1-3)Gal(b1-4)[Fuc(a1-3)]Glc (SFLNnT)",3,1,1,1,"d  ",0,,1,1,
3_1_1_1_0i,1,1,,2,"Neu4,5Ac(a2-3)Gal(b1-4)[Fuc(a1-3)]GlcNAc(b1-3)Gal(b1-4)Glc",3,1,1,1,"i  ",0,,1,1,
3_1_2_0_0c,1,,1,2,Fuc(a1-2)Gal(b1-4)[Fuc(a1-3)]GlcNAc(b1-3)Gal(b1-4)Glc,3,1,2,0,"c  ",0,,1,1,
3_1_2_0_0e,1,,1,2,Gal(b1-4)[Fuc(a1-3)]GlcNAc(b1-3)Gal(b1-4)[Fuc(a1-3)]Glc,3,1,2,0,"e  ",0,,1,1,
3_2_1_0_0b,1,,1,2,Gal(b1-4)[Fuc(a1-3)]GlcNAc(b1-3)[GlcNAc(b1-6)]Gal(b1-4)Glc,3,2,1,0,"b  ",0,,1,1,
4_1_0_1_0d,,1,,,"Neu5Ac(a2-3) + Gal(b1-4)GlcNAc(b1-6)[Gal(b1-3)]Gal(b1-4)Glc (3-SLNnP I)",4,1,0,1,"d  ",0,,,1,
4_1_0_1_0e,,1,,,"Neu5Ac(a2-6) + Gal(b1-4)GlcNAc(b1-6)[Gal(b1-3)]Gal(b1-4)Glc (6-SLNnP I)",4,1,0,1,"e  ",0,,,1,
4_1_0_1_0j,,1,,,Neu5Ac+Gal(b1-4)GlcNAc(b1-6)[Gal(b1-3)]Gal(b1-4)Glc,4,1,0,1,"j  ",0,,,1,
4_1_0_2_0a,,1,,,"2Neu5Ac + Gal(b1-4)GlcNAc(b1-6)[Gal(b1-3)]Gal(b1-4)Glc (DSLNnP I)",4,1,0,2,"a  ",0,,,1,
4_1_0_2_0c,,1,,,"2Neu5Ac + Gal(b1-4)GlcNAc(b1-6)[Gal(b1-3)]Gal(b1-4)Glc",4,1,0,2,"c  ",0,,,1,
4_1_1_0_0b,1,,1,,"Gal(a1-3)Gal(b1-4)[Fuc(a1-3)]GlcNAc(b1-3)Gal(b1-4)Glc (galactosyl LNFP III)",4,1,1,0,"b  ",0,,,1,
4_1_1_0_0c,1,,1,,"Gal(b1-3)[Gal(b1-4)[Fuc(a1-3)]GlcNAc(b1-6)]Gal(b1-4)Glc (F LNnP I)",4,1,1,0,"c  ",0,,,1,
4_1_1_0_0e,1,,1,,Fuc+Gal(b1-4)GlcNAc(b1-6)[Gal(b1-3)]Gal(b1-4)Glc,4,1,1,0,"e  ",0,,,1,
4_1_1_0_0h,1,,1,,Gal(b1-4)[Fuc(a1-3)]GlcNAc(b1-6)[Gal(b1-3)]Gal(b1-4)Glc,4,1,1,0,"h  ",0,,,1,
4_1_1_1_0a,1,1,,,"Neu5Ac(a2-3)Gal(b1-3)[Gal(b1-4)[Fuc(a1-3)]GlcNAc(b1-6)]Gal(b1-4)Glc (FS LNnP a)",4,1,1,1,"a  ",0,,,1,
4_1_1_1_0b,1,1,,,Fuc+Neu5Ac(a2-6)Gal(b1-4)GlcNAc(b1-6)[Gal(b1-3)]Gal(b1-4)Glc,4,1,1,1,"b  ",0,,,1,
4_2_0_0_1a,,1,,2,"Neu5Gc(a2-3) + Gal(b1-4)GlcNAc(b1-6)[Gal(b1-4)GlcNAc(b1-3)]Gal(b1-4)Glc (3-GLNnH)",4,2,0,0,"a  ",1,,1,1,1
4_2_0_0_0f,,,1,,"Gal(b1-4)GlcNAc + Gal(b1-4)GlcNAc-Gal(b1-4)Glc",4,2,0,0,"f  ",0,,,1,
4_2_0_0_1b,,1,,2,"Neu5Gc(a2-6) + Gal(b1-4)GlcNAc(b1-6)[Gal(b1-4)GlcNAc(b1-3)]Gal(b1-4)Glc (6GLNnH)",4,2,0,0,"b  ",1,,1,1,1
4_1_1_0_0a,1,,1,2,Gal(a1-3)[Fuc(a1-2)]Gal(b1-4)GlcNAc(b1-3)Gal(b1-4)Glc,4,1,1,0,"a  ",0,,1,1,
4_1_2_0_0a,1,,1,2,Gal(a1-3)[Fuc(a1-2)]Gal(b1-4)[Fuc(a1-3)]GlcNAc(b1-3)Gal(b1-4)Glc,4,1,2,0,"a  ",0,,1,1,
4_1_2_0_0b,1,,1,2,Gal(a1-3)Gal(b1-4)[Fuc(a1-3)]GlcNAc(b1-3)Gal(b1-4)[Fuc(a1-3)]Glc,4,1,2,0,"b  ",0,,1,1,
4_2_0_0_0b,,,1,2,"Gal(b1-4)GlcNAc(b1-6)[Gal(b1-4)GlcNAc(b1-3)]Gal(b1-4)Glc (LNnH)",4,2,0,0,"b  ",0,,1,1,
4_2_0_0_0c,,,1,2,"Gal(b1-3)GlcNAc(b1-3)Gal(b1-4)GlcNAc(b1-3)Gal(b1-4)Glc (p-LNH)",4,2,0,0,"c  ",0,,1,1,
4_2_0_0_0d,,,1,2,"Gal(b1-4)GlcNAc(b1-3)Gal(b1-4)GlcNAc(b1-3)Gal(b1-4)Glc (para LNnH)",4,2,0,0,"d  ",0,,1,1,
4_2_0_1_0c,,1,,2,"Neu5Ac(a2-6)Gal(b1-4)GlcNAc(b1-6)[Gal(b1-4)GlcNAc(b1-3)]Gal(b1-4)Glc (S-LNnH)",4,2,0,1,"c  ",0,,1,1,
4_2_0_1_0d,,1,,2,"Neu5Ac(a2-6)Gal(b1-4)GlcNAc(b1-3)[Gal(b1-4)GlcNAc(b1-6)]Gal(b1-4)Glc (S-LNnH II)",4,2,0,1,"d  ",0,,1,1,
4_2_0_1_0e,,1,,2,"Neu5Ac(a2-3)Gal(b1-4)GlcNAc(b1-3)Gal(b1-4)GlcNAc(b1-3)Gal(b1-4)Glc (S para LNnH)",4,2,0,1,"e  ",0,,1,1,
4_2_0_1_0f,,1,,2,Gal(b1-4)[Neu5Ac(a2-6)]GlcNAc(b1-3)[Gal(b1-4)GlcNAc(b1-6)]Gal(b1-4)Glc,4,2,0,1,"f  ",0,,1,1,
4_2_1_1_0e,1,1,,2,Neu5Ac(a2-6)Gal(b1-4)GlcNAc(b1-3)Gal(b1-4)[Fuc(a1-3)]GlcNAc(b1-3)Gal(b1-4)Glc,4,2,1,1,"e  ",0,,1,1,
4_2_1_1_0f,1,1,,2,"Neu5Ac(a2-6)Gal(b1-4)GlcNAc(b1-3)[Gal(b1-4)[Fuc(a1-3)]GlcNAc(b1-6)]Gal(b1-4)Glc (FS-LNnH I)",4,2,1,1,"f  ",0,,1,1,
4_2_1_1_0m,1,1,,2,Fuc+Neu5Ac(a2-6)Gal(b1-4)GlcNAc(b1-3)[Gal(b1-4)GlcNAc(b1-6)]Gal(b1-4)Glc,4,2,1,1,"m  ",0,,1,1,
4_2_1_1_0q,1,1,,2,"Fuc+Neu5Ac(a2-6)Gal(b1-4)GlcNAc(b1-6)[Gal(b1-4)GlcNAc(b1-3)]Gal(b1-4)Glc (FS-LNnH II)",4,2,1,1,"q  ",0,,1,1,
4_2_1_1_0s,1,1,,2,"Gal(b1-4)[Fuc(a1-3)]GlcNAc(b1-6)[Neu4,5Ac(a2-6)Gal(b1-4)GlcNAc(b1-3)]Gal(b1-4)Glc",4,2,1,1,"s  ",0,,1,1,
4_2_1_1_0t,1,1,,2,"Neu4,5Ac(a2-6)Gal(b1-4)GlcNAc(b1-6)[Gal(b1-4)[Fuca1-3)]GlcNAc(b1-3)]Gal(b1-4)Glc",4,2,1,1,"t  ",0,,1,1,
4_2_1_1_0u,1,1,,2,"Neu4,5Ac(a2-3)+Gal(b1-4)[Fuc(a1-3)]GlcNAc(b1-6)[Gal(b1-4)GlcNAc(b1-3)]Gal(b1-4)Glc",4,2,1,1,"u  ",0,,1,1,
4_2_1_1_0v,1,1,,2,"Neu4,5Ac(a2-3)+Gal(b1-4)GlcNAc(b1-6)[Gal(b1-4)[Fuc(a1-3)]GlcNAc(b1-3)]Gal(b1-4)Glc",4,2,1,1,"v  ",0,,1,1,
4_2_1_2_0h,1,1,,2,"Neu5Ac(a2-3)Gal(b1-4)[Fuc(a1-3)]GlcNAc(b1-3)[Neu4,5Ac(a2-3)Gal(b1-4)GlcNAc(b1-6)]Gal(b1-4)Glc",4,2,1,2,"h  ",0,,1,1,
4_2_1_2_0i,1,1,,2,"Neu5Ac(a2-3)Gal(b1-4)GlcNAc(b1-3)[Neu4,5Ac(a2-3)Gal(b1-4)[Fuc(a1-3)]GlcNAc(b1-6)]Gal(b1-4)Glc",4,2,1,2,"i  ",0,,1,1,
4_2_1_2_0j,1,1,,2,2Neu5Ac+Gal(b1-4)GlcNAc(b1-6)[Gal(b1-4)[Fuca1-3)]GlcNAc(b1-3)]Gal(b1-4)Glc,4,2,1,2,"j  ",0,,1,1,
4_2_2_0_0a,1,,1,2,"Fuc(a1-2)Gal(b1-4)GlcNAc(b1-3)[Fuc(a1-2)Gal(b1-4)GlcNAc(b1-6)]Gal(b1-4)Glc (DFLNnH)",4,2,2,0,"a  ",0,,1,1,
4_2_2_0_0c,1,,1,2,"Gal(b1-4)[Fuc(a1-3)]GlcNAc(b1-3)[Gal(b1-4)[Fuc(a1-3)]GlcNAc(b1-6)]Gal(b1-4)Glc (DFLNnH)",4,2,2,0,"c  ",0,,1,1,
4_2_2_0_0d,1,,1,2,"Gal(b1-4)[Fuc(a1-3)]GlcNAc(b1-3)Gal(b1-4)[Fuc(a1-3)]GlcNAc(b1-3)Gal(b1-4)Glc (DF-paraLNnH)",4,2,2,0,"d  ",0,,1,1,
4_2_2_0_0k,1,,1,2,"Gal(b1-3)[Fuc(a1-4)]GlcNAc(b1-3)Gal(b1-4)[Fuc(a1-3)]GlcNAc(b1-3)Gal(b1-4)Glc (DF-para LNH I)",4,2,2,0,"k  ",0,,1,1,
4_2_2_0_0l,1,,1,2,"Fuc(a1-2)Gal(b1-3)[Fuc(a1-4)]GlcNAc(b1-3)Gal(b1-4)GlcNAc(b1-3)Gal(b1-4)Glc (DF-para LNH II)",4,2,2,0,"l  ",0,,1,1,
4_2_2_0_0m,1,,1,2,"Fuc(a1-2)Gal(b1-3)GlcNAc(b1-3)Gal(b1-4)[Fuc(a1-3)]GlcNAc(b1-3)Gal(b1-4)Glc (DF-para LNH III)",4,2,2,0,"m  ",0,,1,1,
4_2_2_1_0a,1,1,,2,Fuc(a1-2)Gal(b1-4)[Neu5Ac(a2-6)]GlcNAc(b1-3)[Fuc(a1-2)Gal(b1-4)GlcNAc(b1-6)]Gal(b1-4)Glc,4,2,2,1,"a  ",0,,1,1,
5_0_0_0_0b,,,1,,Gal(b1-3)Gal(b1-3)Gal(b1-3)Gal(b1-4)Glc,5,0,0,0,"b  ",0,,,1,
5_0_0_1_0a,,1,,,Neu5Ac(a2-3)Gal(b1-3)Gal(b1-3)Gal(b1-3)Gal(b1-4)Glc,5,0,0,1,"a  ",0,,,1,
5_1_0_0_0a,,,1,,"Gal(b1-3)Gal(b1-3)[Gal(b1-4)GlcNAc(b1-6)]Gal(b1-4)Glc (galactosyl LNnP I)",5,1,0,0,"a  ",0,,,1,
5_1_0_0_0b,,,1,,"Gal(b1-3)[Gal(b1-4)GlcNAc(b1-6)]Gal(b1-3)Gal(b1-4)Glc (galactosyl LNnP II)",5,1,0,0,"b  ",0,,,1,
5_1_0_0_0c,,,1,,Gal(b1-4)GlcNAc(b1-6)[Gal(b1-4)Gal(b1-3)]Gal(b1-4)Glc,5,1,0,0,"c  ",0,,,1,
5_1_0_0_0d,,,1,,Gal(b1-3)[Gal(b1-3)Gal(b1-4)GlcNAc(b1-6)]Gal(b1-4)Glc,5,1,0,0,"d  ",0,,,1,
5_1_0_0_0e,,,1,,Gal(b1-3)Gal(b1-3)[Gal(b1-4)GlcNAc(b1-6)]Gal(b1-4)Glc,5,1,0,0,"e  ",0,,,1,
5_1_0_0_0g,,,1,,"Gal(a1-3) + Gal(b1-4)GlcNAc(b1-6)[Gal(b1-3)]Gal(b1-4)Glc",5,1,0,0,"g  ",0,,,1,
5_1_0_1_0a,,1,,,"Gal(b1-3)Gal(b1-3)[Neu5Ac(a2-6)Gal(b1-4)GlcNAc(b1-6)]Gal(b1-4)Glc (galactosyl sialyl LNnP b)",5,1,0,1,"a  ",0,,,1,
5_1_0_1_0b,,1,,,Neu5Ac(a2-3)Gal(b1-3)Gal(b1-3)[Gal(b1-4)GlcNAc(b1-6)]Gal(b1-4)Glc,5,1,0,1,"b  ",0,,,1,
5_1_0_1_0c,,1,,,Gal(b1-3)Gal(b1-3)[Neu5Ac(a2-3)Gal(b1-4)GlcNAc(b1-6)]Gal(b1-4)Glc,5,1,0,1,"c  ",0,,,1,
5_2_0_0_0b,,,1,,Gal(b1-3)[Gal(b1-4)GlcNAc(b1-6)]Gal(b1-3)[Gal(b1-4)GlcNAc(b1-6)]Gal(b1-4)Glc,5,2,0,0,"b  ",0,,,1,
5_3_1_0_0a,1,,1,,"Gal(b1-3)GlcNAc(b1-3)Gal(b1-4)[Fuc(a1-3)]GlcNAc(b1-6)[Gal(b1-4)GlcNAc(b1-3)]Gal(b1-4)Glc (FLNnO I)",5,3,1,0,"a  ",0,,,1,
4_2_3_0_0f,1,,1,2,"Fuc(a1-2)Gal(b1-3)[Fuc(a1-4)]GlcNAc(b1-3)Gal(b1-4)[Fuc(a1-3)]GlcNAc(b1-3)Gal(b1-4)Glc (TF-para LNH I)",4,2,3,0,"f  ",0,,1,1,
4_2_3_0_0g,1,,1,2,"Gal(b1-3)[Fuc(a1-4)]GlcNAc(b1-3)Gal(b1-4)[Fuc(a1-3)]GlcNAc(b1-3)Gal(b1-4)[Fuc(a1-3)]Glc (TF-para LNH II)",4,2,3,0,"g  ",0,,1,1,
4_2_3_0_0h,1,,1,2,"Gal(b1-4)[Fuc(1-3)]GlcNAc(b1-3)Gal(b1-4)[Fuc(a1-3)]GlcNAc(b1-3)Gal(b1-4)[Fuc(a1-3)]Glc (TF-para LNnH)",4,2,3,0,"h  ",0,,1,1,
4_2_3_1_0a,1,1,,2,"Fuc(a1-2)Gal(b1-4)[Fuc(a1-3)]GlcNAc(b1-3)[Neu4,5Ac(a2-3)Gal(b1-4)[Fuc(a1-3)]GlcNAc(b1-6)]Gal(b1-4)Glc",4,2,3,1,"a  ",0,,1,1,
4_2_3_1_0b,1,1,,2,"Neu4,5Ac(a2-3)Gal(b1-4)[Fuc(a1-3)]GlcNAc(b1-3)[Fuc(a1-2)Gal(b1-4)[Fuc(a1-3)]GlcNAc(b1-6)]Gal(b1-4)Glc",4,2,3,1,"b  ",0,,1,1,
4_2_4_0_0a,1,,1,2,Fuc(a1-2)Gal(b1-4)[Fuc(a1-3)]FlcNAc(b1-6)[Fuc(a1-3)Gal(b1-4)[Fuc(a1-3)]GlcNAc(b1-3)]Gal(b1-4)Glc,4,2,4,0,"a  ",0,,1,1,
5_2_0_0_0a,,,1,2,"Gal(a1-3) + Gal(b1-4)GlcNAc(b1-6)[Gal(b1-4)GlcNAc(b1-3)]Gal(b1-4)Glc",5,2,0,0,"a  ",0,,1,1,
5_2_0_1_0a,,1,,2,"Neu5Ac + Gal(a1-3) + Gal(b1-4)GlcNAc(b1-6)[Gal(b1-4)GlcNAc(b1-3)]Gal(b1-4)Glc",5,2,0,1,"a  ",0,,1,1,
5_2_0_1_0b,,1,,2,"Neu5Ac(a2-6)Gal(b1-4)GlcNAc(b1-3)[Gal(a1-3)Gal(b1-4)GlcNAc(b1-6)]Gal(b1-4)Glc   (MS monogalactosyl LNnH)",5,2,0,1,"b  ",0,,1,1,
5_2_1_1_0a,1,1,,2,"Neu5Ac(a2-6)Gal(b1-4)GlcNAc(b1-3)[Gal(a1-3)Gal(b1-4)[Fuc(a1-3)]GlcNAc(b1-6)]Gal(b1-4)Glc  (MSMF monogalactosyl LNnH)",5,2,1,1,"a  ",0,,1,1,
5_2_2_0_0a,1,,1,2,Gal(a1-3)Gal(b1-4)[Fuc(a1-3)]GlcNAc(b1-3)Gal(b1-4)[Fuc(a1-3)]GlcNAc(b1-3)Gal(b1-4)Glc,5,2,2,0,"a  ",0,,1,1,
5_2_2_1_0a,1,1,,2,Neu5Ac(a2-6)Gal(b1-4)GlcNAc(b1-3)[Gal(a1-3)[Fuc(a1-2)]Gal(b1-4)[Fuc(a1-3)]GlcNAc(b1-6)]Gal(b1-4)Glc,5,2,2,1,"a  ",0,,1,1,
5_3_0_0_0a,,,1,2,Gal(b1-4)GlcNAc(b1-3)Gal(b1-4)GlcNAc(b1-3)[Gal(b1-4)GlcNAc(b1-6)]Gal(1-4)Glc,5,3,0,0,"a  ",0,,1,1,
5_3_0_0_0d,,,1,2,"Gal(b1-3)GlcNAc(b1-3)Gal(b1-4)GlcNAc(b1-6)[Gal(b1-4)GlcNAc(b1-3)]Gal(b1-4)Glc (LNnO)",5,3,0,0,"d  ",0,,1,1,
5_3_2_0_0w,1,,1,,"Gal(b-14)GlcNAc(b1-3)Gal(b1-4)[Fuc(a1-3)]GlcNAC(b1-3)Gal(b1-4)[Guc(b1-3)]GlcNAc(b1-3)Gal(b1-4)Glc (DF-para LNnO)",5,3,2,0,"w  ",0,,,1,
5_5_1_0_0a,1,,1,,Fuc+Gal(b1-4)GlcNAc(b1-3)[Gal(b1-4)GlcNAc(b1-6)]Gal(b1-4)GlcNAc(b1-3)[Gal(b1-4)GlcNAc(b1-6)]Gal(b1-4)GlcNAc,5,5,1,0,"a  ",0,,,1,
5_5_2_0_0a,1,,1,,2Fuc+Gal(b1-4)GlcNAc(b1-3)[Gal(b1-4)GlcNAc(b1-6)]Gal(b1-4)GlcNAc(b1-3)[Gal(b1-4)GlcNAc(b1-6)]Gal(b1-4)GlcNAc,5,5,2,0,"a  ",0,,,1,
6_0_0_0_0a,,,1,,Gal(b1-3)Gal(b1-3)Gal(b1-3)Gal(b1-3)Gal(b1-4)Glc,6,0,0,0,"a  ",0,,,1,
6_1_0_0_0a,,,1,,Gal(b1-3)Gal(b1-3)Gal(b1-3)[Gal(b1-4)GlcNAc(b1-6)]Gal(b1-4)Glc,6,1,0,0,"a  ",0,,,1,
5_3_2_0_0c,1,,1,2,"Gal(b1-3)GlcNAc(b1-3)Gal(b1-4)[Fuc(a1-3)]GlcNAc(b1-6)[Gal(b1-4)[Fuc(a1-3)]GlcNAc(b1-3)]Gal(b1-4)Glc (DFLNnO II)",5,3,2,0,"c  ",0,,1,1,
5_3_2_0_0l,1,,1,2,2Fuc(a1-2)+Gal(b1-4)GlcNAc(b1-3)+Gal(b1-4)GlcNAc(b1-6)[Gal(b1-4)GlcNAc(b1-3)]Gal(b1-4)Glc,5,3,2,0,"l  ",0,,1,1,
5_3_2_0_0n,1,,1,2,"Gal(b1-3)[Fuc(a1-4)]GlcNAc(b1-3)Gal(b1-4)[Fuc(a1-3)]GlcNAc(b1-6)[Gal(b1-4)GlcNAc(b1-3)]Gal(b1-4)Glc (DF-LNnO I)",5,3,2,0,"n  ",0,,1,1,
5_3_2_0_0q,1,,1,2,"Gal(b1-4)GlcNAc(b1-3)Gal(b1-4)[Fuc(a1-3)]GlcNac(b1-6)[Gal(b1-4)[Fuc(a1-3)]GlcNAc(b1-3)]Gal(b1-4)Glc (DF-iso LNnO)",5,3,2,0,"q  ",0,,1,1,
5_3_2_1_0c,1,1,,2,2Fuc(a1-2)+Gal(b1-4)Glc(b1-3)+Neu5Ac(a2-6)+Gal(b1-4)GlcNAc(b1-6)[Gal(b1-4)GlcNAc(b1-3)]Gal(b1-4)Glc,5,3,2,1,"c  ",0,,1,1,
5_3_2_1_0g,1,1,,2,Fuc(a1-2)Gal(b1-4)GlcNAc(b1-6)Gal(b1-4)GlcNAc(b1-6)[Neu5Ac(a2-3)Gal(b1-4)[Fuc(a1-4)]GlcNAc(b1-3)]Gal(b1-4)Glc,5,3,2,1,"g  ",0,,1,1,
5_3_3_0_0d,1,,1,2,"Gal(b1-3)[Fuc(a1-4)]GlcNAc(b1-3)Gal(b1-4)[Fuc(a1-3)]GlcNAc(b1-6)[Gal(b1-4)[Fuc(a1-3)]GlcNAc(b1-3)]Gal(b1-4)Glc (TFLNnO I)",5,3,3,0,"d  ",0,,1,1,
5_3_3_0_0e,1,,1,2,"Fuc(a1-2)Gal(b1-3)GlcNAc(b1-3)Gal(b1-4)[Fuc(a1-3)]GlcNAc(b1-6)[Fuc(a1-2)Gal(b1-4)GlcNAc(b1-3)]Gal(b1-4)Glc (TFLNnO II)",5,3,3,0,"e  ",0,,1,1,
5_3_3_0_0k,1,,1,2,"Gal(b1-4)[Fuc(a1-3)]GlcNAc(b1-3)Gal(b1-4)[Fuc(a1-3)]GlcNac(b1-6)[Gal(b1-4)[Fuc(a1-3)]GlcNAc(a1-3)]Gal(b1-4)Glc (TF-iso LNnO)",5,3,3,0,"k  ",0,,1,1,
5_3_4_0_0b,1,,1,2,"Fuc(a1-2)Gal(b1-3)GlcNAc(b1-3)[Fuc(a1-4)]Gal(b1-4)[Fuc(a1-3)]GlcNAc(b1-3)Gal(b1-4)[Fuc(a1-3)]GlcNAc(b1-3)Gal(b1-4)Glc (TetraF-para LNO)",5,3,4,0,"b  ",0,,1,1,
6_2_0_0_0a,,,1,2,Gal(a1-3)Gal(b1-4)GlcNAc(b1-3)[Gal(a1-3)Gal(b1-4)GlcNAc(b1-6)]Gal(b1-4)Glc,6,2,0,0,"a  ",0,,1,1,
6_2_0_0_0b,,,1,,Gal(b1-3)[Gal(b1-4)GlcNAc(b1-6)]Gal(b1-3)[Gal(b1-4)GlcNAc(b1-6)]Gal(b1-4)Glc,6,2,0,0,"b  ",0,,,1,
6_2_0_1_0c,,1,,,Neu5Ac(a2-3)+Gal(b1-3)[Gal(b1-4)GlcNAc(b1-6)]Gal(b1-3)[Gal(b1-4)GlcNAc(b1-6)]Gal(b1-4)Glc),6,2,0,1,"c  ",0,,,1,
6_2_3_0_0a,1,,1,,Gal(a1-3)[Fuc(a1-2)]Gal(b1-4)[Fuc(a1-3)]GlcNAc(b1-3)[Gal(a1-3)Gal(b1-4)[Fuc(a1-3)]-GlcNAc(b1-6)]Gal(b1-4)Glc,6,2,3,0,"a  ",0,,,1,
6_2_3_0_0b,1,,1,,Gal(a1-3)Gal(b1-4)[Fuc(a1-3)]GlcNAc(b1-6)[Gal(a1-3)[Fuc(a1-2)]Gal(b1-4)[Fuc(a1-3)]GlcNAc(b1-6)]Gal(b1-4)Glc,6,2,3,0,"b  ",0,,,1,
6_2_0_1_0b,,1,,1,Neu5Ac(a2-3)Gal(b1-3)[Gal(b1-4)GlcNAc(b1-6)]Gal(b1-3)[Gal(b1-4)GlcNAc(b1-6)]Gal(b1-4)Glc,6,2,0,1,"b  ",0,1,,1,
6_2_0_0_0c,,,1,2,"2Gal(a1-3) + Gal(b1-4)GlcNAc(b1-6)[Gal(b1-4)GlcNAc(b1-3)]Gal(b1-4)Glc",6,2,0,0,"c  ",0,,1,1,
6_2_0_0_0e,,,1,2,Gal(b1-4)Gal(b1-4)GlcNAc(b1-3)[Gal(b1-4)Gal(b1-4)GlcNAc(b1-6)]Gal(b1-4)Glc,6,2,0,0,"e  ",0,,1,1,
6_2_2_0_0a,1,,1,2,Gal(a1-3)Gal(b1-4)[Fuc(a1-3)]GlcNAc(b1-3)[Gal(a1-3)Gal(b1-4)[Fuc(a1-3)]GlcNAc(b1-6)]Gal(b1-4)Glc,6,2,2,0,"a  ",0,,1,1,
6_2_2_0_0b,1,,1,2,Gal(a1-3)[Fuc(a1-3)]Gal(b1-4)GlcNAc(b1-6)[Gal(a1-3)Gal(b1-4)[Fuc(a1-3)]GlcNAc(b1-3)]Gal(b1-4)Glc,6,2,2,0,"b  ",0,,1,1,
6_4_0_0_0a,,,1,2,Gal(b1-4)GlcNAc(b1-3)[Gal(b1-4)GlcNAc(b1-6)]Gal(b1-4)GlcNAc(b1-3)[Gal(b1-4)GlcNAc(b1-6)]Gal(b1-4)Glc,6,4,0,0,"a  ",0,,1,1,
6_4_0_0_0d,,,1,2,Gal(b1-4)GlcNAc(b1-3)Gal(b1-4)GlcNAc(b1-6)[Gal(b1-3)GlcNAc(b1-3)Gal(b1-4)GlcNAc(b1-3)]Gal(b1-4)Glc,6,4,0,0,"d  ",0,,1,1,
6_4_0_0_0e,,,1,2,"Gal(b-14)GlcNAc(b1-6)[Gal(b1-4)GlcNAc(b1-3)]Gal(b1-4)GlcNAC(b1-6)[Gal(b1-4)GlcNAc(b1-3)]Gal(b1-4)Glc (iso-LND)",6,4,0,0,"e  ",0,,1,1,
6_4_1_0_0c,1,,1,2,Fuc+Gal(b1-4)GlcNAc(b1-3)[Gal(b1-4)GlcNAc(b1-6)]Gal(b1-4)GlcNAc(b1-3)[Gal(b1-4)GlcNAc(b1-6)]Gal(b1-4)Glc,6,4,1,0,"c  ",0,,1,1,
6_4_2_0_0d,1,,1,2,2Fuc+Gal(b1-4)GlcNAc(b1-3)[Gal(b1-4)GlcNAc(b1-6)]Gal(b1-4)GlcNAc(b1-3)[Gal(b1-4)GlcNAc(b1-6)]Gal(b1-4)Glc,6,4,2,0,"d  ",0,,1,1,
6_4_2_0_0o,1,,1,2,"Gal(b1-3)GlcNAc(b1-3)Gal(b1-4)[Fuc(a1-3)]GlcNAc(b1-6)[Gal(b1-3)GlcNAc(b1-3)Gal(b1-4)[Fuc(a1-3)]GlcNAc(b1-3)Gal(b1-4)Glc (DF-novo LND)",6,4,2,0,"o  ",0,,1,1,
6_4_2_1_0a,1,1,,2,2Fuc(a1-2)+2Gal(b1-4)Glc(b1-3)+Neu5Ac(a2-6)+Gal(b1-4)GlcNAc(b1-6)[Gal(b1-4)GlcNAc(b1-3)]Gal(b1-4)Glc,6,4,2,1,"a  ",0,,1,1,
6_4_2_1_0b,1,1,,2,2Fuc(a1-2)+Neu5Ac(a2-3)+Gal(b1-4)GlcNAc(b1-3)[Gal(b1-4)GlcNAc(b1-3)[Gal(b1-4)GlcNAc(b1-6)]Gal(b1-4)GlcNAc(b1-6)]Gal(b1-4)Glc,6,4,2,1,"b  ",0,,1,1,
6_4_2_1_0c,1,1,,2,2Fuc(a1-2)+Neu5Ac(a2-6)+Gal(b1-4)GlcNAc(b1-3)[Gal(b1-4)GlcNAc(b1-3)[Gal(b1-4)GlcNAc(b1-6)]Gal(b1-4)GlcNAc(b1-6)]Gal(b1-4)Glc,6,4,2,1,"c  ",0,,1,1,
6_4_3_0_0d,1,,1,2,3Fuc+Gal(b1-4)GlcNAc(b1-3)[Gal(b1-4)GlcNAc(b1-6)]Gal(b1-4)GlcNAc(b1-3)[Gal(b1-4)GlcNAc(b1-6)]Gal(b1-4)Glc,6,4,3,0,"d  ",0,,1,1,
7_2_0_1_0b,,1,,,Neu5Ac(a2-3)Gal(b1-3)+Gal(b1-3)[Gal(b1-4)GlcNAc(b1-6)]Gal(b1-3)[Gal(b1-4)GlcNAc(b1-6)]Gal(b1-4)Glc,7,2,0,1,"b  ",0,,,1,
7_7_2_0_0a,1,,1,,2Fuc+Gal(b1-4)GlcNAc(b1-3)[Gal(b1-4)GlcNAc(b1-6)]Gal(b1-4)GlcNAc(b1-3)[Gal(b1-4)GlcNAc(b1-3)[Gal(b1-4)GlcNAc(b1-6)]Gal(b1-4)GlcNAc(b1-6)]Gal(b1-4)GlcNAc,7,7,2,0,"a  ",0,,,1,
7_7_3_0_0a,1,,1,,3Fuc+Gal(b1-4)GlcNAc(b1-3)[Gal(b1-4)GlcNAc(b1-6)]Gal(b1-4)GlcNAc(b1-3)[Gal(b1-4)GlcNAc(b1-3)[Gal(b1-4)GlcNAc(b1-6)]Gal(b1-4)GlcNAc(b1-6)]Gal(b1-4)GlcNAc,7,7,3,0,"a  ",0,,,1,
8_3_0_0_0a,,,1,,Gal(b1-3)[Gal(b1-3)[Gal(b1-4)GlcNAc(b1-6)]Gal(b1-4)GlcNAc(b1-6)]Gal(b1-3)[Gal(b1-4)GlcNAc(b1-6)]Gal(b1-4)Glc,8,3,0,0,"a  ",0,,,1,
8_3_0_0_0b,,,1,,Gal(b1-3)[Gal(b1-4)GlcNAc(b1-6)]Gal(b1-3)[Gal(b1-3)[Gal(b1-4)GlcNAc(b1-6)]Gal(b1-4)GlcNAc(b1-6)]Gal(b1-4)Glc,8,3,0,0,"b  ",0,,,1,
8_3_0_1_0a,,1,,,Neu5Ac(a2-3)+Gal(b1-3)[Gal(b1-3)[Gal(b1-4)GlcNAc(b1-6)]Gal(b1-4)GlcNAc(b1-6)]Gal(b1-3)[Gal(b1-4)GlcNAc(b1-6)]Gal(b1-4)Glc,8,3,0,1,"a  ",0,,,1,
8_3_0_1_0b,,1,,,Neu5Ac(a2-3)+Gal(b1-3)[Gal(b1-4)GlcNAc(b1-6)]Gal(b1-3)[Gal(b1-3)[Gal(b1-4)GlcNAc(b1-6)]Gal(b1-4)GlcNAc(b1-6)]Gal(b1-4)Glc,8,3,0,1,"b  ",0,,,1,
9_2_0_2_0a,,1,,,2[Neu5Ac-Gal(b1-4)GlcNAc(b1-6)]+Gal(b1-3)Gal(b-13)Gal(b1-3)Gal(b1-3)Gal(b1-3)Gal(b1-4)Glc,9,2,0,2,"a  ",0,,,1,
10_2_0_1_0a,,1,,,Neu5Ac-Gal(b1-4)GlcNAc(b1-6)+Gal(b1-4)GlcNAC(b1-6)+Gal(b1-3)Gal(b1-3)Gal(b1-3)Gal(b1-3)Gal(b1-3)Gal(b1-3)Gal(b1-4)Glc,10,2,0,1,"a  ",0,,,1,
6_4_3_0_0h,1,,1,1,"Gal(b1-4)[Fuc(a1-3)]GlcNAc(b1-6)[Gal(b1-3)[Fuc(a1-4)]GlcNAc(b1-3)]Gal(b1-4)GlcNAc(b1-6)[Fuc(a1-2)Gal(b1-3)GlcNAc(b1-3)]Gal(b1-4)Glc (TriF-LND IV)",6,4,3,0,"h  ",0,1,,1,
6_4_3_0_0n,1,,1,2,Gal(b1-4)[Fuc(a1-3)]GlcNAc(b1-6)[Gal(b1-3)[Fuc(a1-4)]GlcNAc(b1-6)[Gal(b1-3)[Fuc(a1-4)]GlcNAc(b1-3)]Gal(b1-4)GlcNAc(b1-3)]Gal(b1-4)Glc,6,4,3,0,"n  ",0,,1,1,
6_4_4_0_0f,1,,1,2,Gal(b1-4)GlcNAc(b1-6)[Fuc(a1-2)Gal(b1-3)[Fuc(a1-4)]GlcNAc(b1-3)]Gal(b1-4)GlcNAc(b1-6)[Fuc(a1-2)Gal(b1-4)[Fuc(a1-3)]GlcNAc(b1-3)]Gal(b1-4)Glc,6,4,4,0,"f  ",0,,1,1,
7_5_0_0_0a,,,1,2,Gal(b1-4)GlcNAc(b1-3)[Gal(b1-4)GlcNAc(b1-6)]Gal(b1-4)GlcNAc(b1-3)[Gal(b1-4)GlcNAc(b1-3)Gal(b1-4)GlcNAc(b1-6)]Gal(b1-4)Glc,7,5,0,0,"a  ",0,,1,1,
7_5_1_0_0a,1,,1,2,Fuc+Gal(b1-4)GlcNAc(b1-3)[Gal(b1-4)GlcNAc(b1-6)]Gal(b1-4)GlcNAc(b1-3)[Gal(b1-4)GlcNAc(b1-3)Gal(b1-4)GlcNAc(b1-6)]Gal(b1-4)Glc,7,5,1,0,"a  ",0,,1,1,
7_5_2_0_0a,1,,1,2,2Fuc+Gal(b1-4)GlcNAc(b1-3)[Gal(b1-4)GlcNAc(b1-6)]Gal(b1-4)GlcNAc(b1-3)[Gal(b1-4)GlcNAc(b1-3)Gal(b1-4)GlcNAc(b1-6)]Gal(b1-4)Glc,7,5,2,0,"a  ",0,,1,1,
8_6_0_0_0a,,,1,2,Gal(b1-4)GlcNAc(b1-3)[Gal(b1-4)GlcNAc(b1-6)]Gal(b1-4)GlcNAc(b1-3)[Gal(b1-4)GlcNAc(b1-3)[Gal(b1-4)GlcNAc(b1-6)]Gal(b1-4)GlcNAc(b1-6)]Gal(b1-4)Glc,8,6,0,0,"a  ",0,,1,1,
8_6_1_0_0a,1,,1,2,Fuc+Gal(b1-4)GlcNAc(b1-3)[Gal(b1-4)GlcNAc(b1-6)]Gal(b1-4)GlcNAc(b1-3)[Gal(b1-4)GlcNAc(b1-3)[Gal(b1-4)GlcNAc(b1-6)]Gal(b1-4)GlcNAc(b1-6)]Gal(b1-4)Glc,8,6,1,0,"a  ",0,,1,1,
8_6_2_0_0a,1,,1,2,2Fuc+Gal(b1-4)GlcNAc(b1-3)[Gal(b1-4)GlcNAc(b1-6)]Gal(b1-4)GlcNAc(b1-3)[Gal(b1-4)GlcNAc(b1-3)[Gal(b1-4)GlcNAc(b1-6)]Gal(b1-4)GlcNAc(b1-6)]Gal(b1-4)Glc,8,6,2,0,"a  ",0,,1,1,
8_6_3_0_0a,1,,1,2,3Fuc+Gal(b1-4)GlcNAc(b1-3)[Gal(b1-4)GlcNAc(b1-6)]Gal(b1-4)GlcNAc(b1-3)[Gal(b1-4)GlcNAc(b1-3)[Gal(b1-4)GlcNAc(b1-6)]Gal(b1-4)GlcNAc(b1-6)]Gal(b1-4)Glc,8,6,3,0,"a  ",0,,1,1,
